Run,Index,Algorithm,Case,f1,f2,f3,Node_ids
1,0,CG-MOACO,area_s5_t100,0.014450867052023142,802.3282698884573,1.019803902718557,1 19 33 36 41 44 46 53 66 70 74 81 97 100 101 112 119 126 128 131 136 148 151 160 164 171 172 174 181 190 194 197 203 213 221 222 236 238 261 269 272 291 299 313 317 320 322 329 339 344 350 353 357 365 369 390 394 395 402 404 411 423 424 425 434 436 438 440 444 448 449 471 478 508 518 523 525 529 539 558 568 588 594 614 622 625 641 643 647 651 655 667 668 673 695 697 698 700
1,1,CG-MOACO,area_s5_t100,0.007225433526011571,808.4090795580939,0.9797958971132712,1 12 14 19 32 33 35 41 46 53 66 74 85 97 110 119 124 126 131 136 142 145 148 151 171 190 203 213 222 225 236 239 242 243 251 259 262 268 269 279 299 305 311 313 317 320 322 325 329 334 349 352 357 365 369 372 391 394 395 411 412 423 424 434 438 440 444 450 451 472 478 479 487 496 524 525 529 540 558 576 581 594 607 614 620 622 625 639 641 643 647 652 655 662 667 668 695 697 698
1,2,CG-MOACO,area_s5_t100,0.01589595375722541,807.6021532063387,0.4898979485566356,1 19 32 33 35 41 46 53 55 66 70 74 80 85 97 100 110 124 126 131 148 151 160 164 171 179 190 195 203 222 224 232 236 239 251 261 268 269 271 273 284 291 299 305 311 313 317 322 325 329 339 351 353 357 365 369 372 394 395 398 423 424 425 434 436 440 444 450 451 472 479 487 492 525 529 530 539 552 558 568 573 594 607 614 622 625 639 641 647 655 662 667 668 669 687 697 698 700
1,3,CG-MOACO,area_s5_t100,0.017341040462427793,803.5417388161609,0.8,1 17 18 31 33 36 42 46 53 55 66 70 84 97 100 101 119 124 126 128 131 145 148 151 153 160 164 169 174 190 203 213 217 236 240 269 271 273 275 279 291 299 305 313 317 320 322 325 329 339 353 357 360 362 365 369 394 395 399 412 423 424 434 438 444 449 452 472 478 480 484 487 508 524 525 527 529 530 558 564 568 594 607 614 625 629 639 641 643 651 653 655 659 667 668 685 687 697
1,4,CG-MOACO,area_s5_t100,0.037572254335260125,794.8173465426925,1.6733200530681511,1 32 33 36 41 46 53 68 70 72 74 85 97 110 119 124 127 131 137 143 148 151 164 167 181 187 190 197 203 209 213 222 225 239 247 251 262 269 273 276 279 292 299 311 317 320 325 339 357 359 365 369 381 394 395 399 411 416 423 434 438 440 441 444 449 452 456 465 472 478 487 515 525 529 530 540 546 576 588 594 615 617 622 625 641 643 647 652 653 655 662 667 668 694 697
1,5,CG-MOACO,area_s5_t100,0.017341040462427793,795.4964728471701,1.7435595774162693,1 14 20 33 36 41 46 53 66 70 81 85 97 100 119 126 131 143 145 148 160 164 174 181 190 213 217 222 236 239 243 251 269 273 277 279 291 311 313 317 320 322 325 329 334 339 344 350 357 359 365 369 394 395 399 404 412 418 423 424 434 440 441 444 449 451 452 472 478 480 496 525 527 529 530 540 546 568 571 573 584 594 614 621 622 625 641 647 651 655 662 667 668 669 687 693 697 698
1,6,CG-MOACO,area_s5_t100,0.014450867052023142,796.1332779961505,1.3564659966250538,1 14 19 22 33 35 41 46 53 55 62 66 70 85 87 97 100 110 119 124 126 131 145 148 151 164 171 174 190 203 213 220 239 243 247 251 268 269 273 276 279 281 291 299 305 313 317 320 322 329 339 357 360 362 365 394 395 399 402 411 424 434 438 440 444 450 451 468 472 478 479 496 515 525 529 530 540 552 556 558 564 590 594 607 615 622 625 629 635 641 643 646 651 655 662 667 668 696
1,7,CG-MOACO,area_s5_t100,0.007225433526011571,814.6099398716065,0.4,1 18 21 33 36 42 44 46 53 55 70 74 85 97 100 119 124 127 131 135 143 145 148 151 164 174 190 203 209 213 225 233 236 239 250 251 254 269 273 276 291 299 305 313 317 320 322 329 339 350 357 360 361 365 369 395 399 402 411 423 424 434 436 440 444 451 452 472 478 479 487 496 524 525 529 540 546 552 558 568 573 585 590 594 607 614 622 625 639 643 647 652 655 662 667 668 676 697 700
1,8,CG-MOACO,area_s5_t100,0.023121387283236983,798.667702080148,0.8,1 12 19 33 35 41 46 53 55 63 66 72 74 80 85 97 123 124 126 131 143 148 151 159 160 172 174 190 203 213 232 233 236 239 242 251 259 268 281 313 317 320 322 325 329 339 350 352 357 359 360 362 365 394 395 398 411 412 424 434 436 438 440 444 448 449 451 452 471 478 480 509 525 529 530 540 558 565 568 581 594 607 614 622 625 641 647 655 662 667 668 669 673 691 695 696 700
1,9,CG-MOACO,area_s5_t100,0.028901734104046284,796.7292193196797,1.16619037896906,1 14 19 22 32 33 41 46 53 68 70 80 81 85 87 97 115 119 127 131 143 145 151 164 190 198 209 213 217 233 236 242 243 251 262 268 269 276 279 288 291 299 305 311 317 320 322 325 329 339 353 357 360 365 395 404 411 423 434 440 444 451 452 456 461 478 487 525 527 529 530 539 540 551 558 573 585 594 607 611 614 617 621 622 625 639 641 647 652 655 659 662 667 668 669 696
1,10,CG-MOACO,area_s5_t100,0.028901734104046284,790.5808426335201,2.6381811916545836,1 7 14 19 20 33 41 46 53 66 70 74 81 85 87 97 100 127 131 151 160 164 171 174 190 194 203 213 222 236 239 250 251 252 261 268 276 281 291 305 311 317 320 322 325 329 339 350 353 357 365 394 395 398 399 404 411 412 416 431 434 438 440 451 456 461 478 480 487 507 512 525 529 558 564 578 594 607 611 614 622 625 639 641 643 651 655 662 667 668 669 687 691 695 697 700
1,11,CG-MOACO,area_s5_t100,0.0,819.4547350865734,0.8944271909999159,1 14 19 22 32 33 42 46 53 55 68 70 83 97 100 112 119 124 127 131 136 143 145 148 151 164 190 203 209 217 222 224 239 243 247 251 262 268 273 277 291 299 305 311 313 317 320 325 329 339 351 353 357 369 394 395 399 411 416 423 424 434 438 440 444 449 452 461 465 467 472 478 487 508 515 525 527 529 540 568 588 594 614 619 622 625 639 641 643 646 652 653 655 662 667 668 691 694 697 700
1,12,CG-MOACO,area_s5_t100,0.0,826.6832160121987,0.6324555320336759,1 14 19 33 36 38 41 44 46 53 70 74 85 97 100 119 124 127 131 135 136 143 145 148 151 160 164 174 190 203 209 213 225 233 236 239 240 243 251 268 269 291 299 305 311 313 317 329 334 336 339 350 357 360 365 369 394 395 399 411 423 424 434 438 440 449 451 452 465 472 480 487 496 523 525 527 529 540 552 558 568 578 594 607 614 622 625 639 641 643 647 651 655 667 668 676 687 695 697 700
1,13,CG-MOACO,area_s5_t100,0.0,800.0996305212171,1.0954451150103321,1 7 14 19 22 33 35 41 46 53 55 63 70 85 97 100 115 119 123 124 126 131 143 145 151 174 176 190 195 203 209 217 222 224 236 239 243 247 251 268 276 291 299 305 311 313 320 325 329 339 351 353 357 358 361 365 369 395 399 411 412 423 424 434 438 440 444 449 452 465 467 472 480 525 527 529 530 540 554 556 558 568 581 588 594 614 622 625 629 643 647 651 653 655 662 667 668 691 697 700
1,14,CG-MOACO,area_s5_t100,0.01589595375722541,791.4522927715194,1.8547236990991407,1 19 21 31 33 36 42 46 47 53 55 70 74 80 85 100 119 124 126 131 135 143 145 148 151 164 174 190 195 198 203 209 213 233 236 243 251 268 269 271 273 281 291 299 305 313 317 320 322 325 339 357 360 362 365 369 394 395 402 424 434 436 438 440 444 449 451 452 472 484 487 496 519 524 525 527 529 530 539 552 558 594 607 615 625 629 639 641 646 652 655 659 661 667 668 685 697 700
2,0,CG-MOACO,area_s5_t100,0.023121387283236983,789.3271730838828,0.4898979485566356,14 21 27 32 33 38 41 46 53 61 70 72 80 97 100 109 115 124 131 145 146 148 151 172 187 190 194 201 203 209 213 219 220 236 245 247 251 269 277 291 299 313 317 322 325 336 337 354 360 365 369 391 395 398 400 402 408 411 423 424 425 434 438 440 441 451 453 461 472 487 504 512 518 527 545 552 553 560 578 581 586 594 607 615 625 629 641 647 648 651 655 660 668 675 685 697 700
2,1,CG-MOACO,area_s5_t100,0.00867052023121384,792.8911035415696,1.6,1 4 12 14 17 21 33 42 46 53 61 74 85 97 100 101 109 124 127 137 148 151 174 190 194 201 203 213 214 219 221 222 223 230 245 247 251 254 262 269 284 299 302 305 311 313 317 320 322 325 329 353 372 375 391 395 398 400 408 411 423 424 434 438 441 444 449 451 453 461 472 480 487 504 506 527 552 568 594 607 614 618 625 628 629 641 647 651 655 660 662 668 675 685 692 695 697 698 700
2,2,CG-MOACO,area_s5_t100,0.030346820809248554,759.6698387658522,1.7204650534085253,1 14 21 33 41 46 47 53 61 70 72 74 80 85 97 100 109 124 131 135 145 148 151 164 168 174 190 194 199 203 209 213 236 245 251 254 255 260 277 281 291 299 305 313 317 320 337 360 363 365 369 398 402 408 411 424 425 434 438 440 441 451 453 461 468 472 477 487 500 512 522 527 530 545 548 552 578 590 594 604 615 625 629 639 642 647 651 655 660 662 670 675 685 695 697 700
2,3,CG-MOACO,area_s5_t100,0.00867052023121384,791.3123838018682,1.9390719429665317,1 14 22 26 33 36 41 46 47 53 61 66 70 80 85 87 97 100 115 124 131 145 148 151 164 174 190 194 203 213 217 222 236 243 245 247 251 260 262 269 273 277 291 299 307 317 320 322 325 332 337 365 391 395 398 408 411 416 423 424 425 434 438 440 441 451 453 472 477 482 487 496 500 504 512 525 527 545 552 568 578 590 592 594 607 625 629 639 641 647 651 655 660 662 668 675 685 697 700
2,4,CG-MOACO,area_s5_t100,0.023121387283236983,770.9189898982019,1.2,1 4 12 14 22 32 33 41 46 53 61 68 85 87 97 100 109 115 124 131 145 151 172 187 190 194 201 203 209 213 215 220 236 243 245 247 251 269 273 277 288 299 302 305 313 317 320 325 337 352 360 365 391 395 398 400 402 411 423 424 434 438 440 441 451 453 465 472 487 497 500 504 512 527 545 546 568 578 594 598 607 614 618 625 641 643 647 651 655 660 662 668 675 685 694 697 700
2,5,CG-MOACO,area_s5_t100,0.014450867052023142,794.4529915275239,0.4898979485566356,1 14 22 33 42 46 53 61 70 81 85 90 97 100 109 125 131 135 136 145 148 151 172 174 177 190 194 201 203 209 213 220 223 230 236 245 251 254 273 291 299 302 305 313 317 320 325 329 337 360 365 391 395 398 400 403 408 411 420 423 424 425 434 438 440 441 449 451 453 472 477 487 497 500 518 527 545 548 552 568 578 594 604 607 614 625 629 641 647 651 655 660 668 670 675 685 697 700
2,6,CG-MOACO,area_s5_t100,0.007225433526011571,806.3257694558245,0.4,14 17 21 33 42 46 53 55 61 70 72 74 91 97 100 109 124 131 135 136 145 148 151 174 187 190 195 201 203 209 213 230 233 245 247 251 254 260 273 277 281 283 291 299 302 305 313 317 320 325 337 357 360 375 391 395 398 403 408 411 424 434 438 441 444 449 451 453 461 465 472 487 492 504 506 527 529 545 552 560 567 590 594 607 615 625 639 641 643 647 648 651 660 662 668 685 690 697 700
2,7,CG-MOACO,area_s5_t100,0.01589595375722541,792.1137770061669,0.4898979485566356,1 6 14 22 33 36 41 46 53 55 70 72 80 85 97 100 109 125 131 148 151 167 174 190 201 203 209 213 217 220 230 236 245 251 254 260 269 273 277 281 283 291 299 302 313 317 320 329 357 360 363 365 382 395 398 402 408 411 424 434 438 440 441 444 449 451 453 468 472 477 480 484 487 518 527 529 530 545 566 590 594 604 607 615 625 629 641 647 651 655 660 668 670 685 694 697 698 700
2,8,CG-MOACO,area_s5_t100,0.0,812.7854614858334,0.6324555320336759,1 14 17 21 26 32 33 41 46 53 61 70 74 81 97 100 101 109 125 136 145 148 151 172 190 194 201 203 209 213 215 222 223 230 236 245 247 251 254 269 291 299 302 307 317 320 322 325 329 332 336 337 391 395 398 400 402 408 411 416 420 423 424 425 434 438 441 451 453 461 472 487 500 506 512 518 527 529 545 552 553 568 578 592 594 607 625 629 639 641 647 648 651 655 660 668 685 692 697 700
2,9,CG-MOACO,area_s5_t100,0.0,805.4083562690697,0.8944271909999159,1 14 21 32 41 46 53 61 66 70 74 85 87 97 100 109 115 124 127 131 136 145 148 151 181 187 190 194 199 203 213 215 222 243 245 247 251 260 262 269 277 291 299 305 313 317 320 325 337 357 363 365 375 391 395 398 408 411 414 416 423 424 425 434 438 440 441 444 449 451 453 461 465 472 478 487 527 529 552 568 581 590 591 594 614 625 629 639 642 643 647 651 653 655 660 662 668 685 697 700
2,10,CG-MOACO,area_s5_t100,0.007225433526011571,792.9890750872725,1.16619037896906,3 12 14 21 32 33 41 46 51 53 74 87 97 100 109 124 131 136 137 145 151 168 172 181 187 190 194 201 203 209 213 223 236 245 247 251 253 260 269 274 288 299 302 305 313 317 320 322 325 352 357 360 363 365 391 395 398 402 408 411 424 425 434 438 440 441 451 453 461 472 480 484 487 496 512 518 527 529 545 552 553 560 568 578 594 618 625 629 639 641 647 648 651 655 660 668 685 697 700
2,11,CG-MOACO,area_s5_t100,0.0,801.4744964484017,1.2649110640673518,1 14 17 21 26 32 33 41 46 53 61 66 70 74 97 100 109 110 125 131 136 148 151 164 172 190 194 201 203 213 215 221 222 230 245 247 251 260 269 273 291 299 313 317 320 322 325 329 337 375 382 391 393 395 398 402 411 416 420 423 424 425 428 434 438 441 451 453 472 487 500 504 506 512 518 545 546 552 568 578 586 594 598 607 614 618 625 629 641 643 647 648 651 655 660 668 675 685 697 700
2,12,CG-MOACO,area_s5_t100,0.014450867052023142,773.9464700213688,0.8,1 14 21 32 33 41 46 47 53 70 72 74 80 97 100 101 109 124 131 137 145 148 151 164 172 190 194 201 203 209 213 222 230 245 251 254 260 269 273 276 291 299 305 306 313 317 320 322 325 337 349 363 365 375 391 395 398 402 408 411 423 424 425 434 438 440 441 451 453 461 472 484 487 500 512 522 527 529 545 552 578 594 607 615 618 625 639 641 647 648 651 655 660 662 670 685 697 700
2,13,CG-MOACO,area_s5_t100,0.007225433526011571,792.76277081874,2.3151673805580453,1 14 21 26 32 33 36 41 46 47 53 61 70 72 85 97 100 101 109 115 124 131 136 145 148 151 152 164 172 181 190 194 201 203 209 213 217 230 233 245 251 260 269 277 299 317 320 325 332 349 357 360 365 375 391 395 398 402 408 411 423 424 425 434 438 440 441 444 449 451 453 472 477 480 487 504 518 527 545 554 568 592 594 604 625 639 641 643 647 651 655 660 668 670 675 685 694 696 700
2,14,CG-MOACO,area_s5_t100,0.007225433526011571,797.2209888753923,0.7483314773547883,1 14 17 21 33 41 46 53 61 70 81 87 97 100 109 115 125 127 131 136 148 151 152 164 167 172 174 181 190 194 203 209 213 219 245 247 251 269 274 277 299 317 320 325 329 337 353 354 360 375 382 391 395 398 400 402 408 411 415 423 424 425 434 438 441 444 449 451 453 472 477 482 487 492 506 522 527 552 568 592 594 598 604 614 625 639 641 643 647 648 651 653 655 660 662 675 685 697 700
2,15,CG-MOACO,area_s5_t100,0.0,821.958891014509,0.0,1 14 17 21 26 32 33 41 53 61 81 97 100 101 109 115 125 127 131 136 151 152 181 187 190 194 201 203 209 213 215 217 221 236 245 247 251 260 274 277 288 299 302 313 317 320 322 325 327 337 352 360 369 391 395 398 403 408 411 414 423 424 425 434 437 441 444 449 451 453 472 478 487 500 506 518 522 527 548 552 566 568 590 594 598 614 625 629 641 643 647 648 651 653 655 660 675 685 697 700
3,0,CG-MOACO,area_s5_t100,0.041907514450867045,872.4615241113223,0.0,2 28 33 45 53 61 70 72 76 80 81 97 100 101 107 109 114 126 129 145 155 157 165 166 174 187 189 201 202 213 216 227 237 251 261 275 277 279 288 293 309 311 318 322 324 331 360 361 365 369 391 395 398 400 405 409 412 422 425 434 442 444 449 456 467 472 476 477 480 487 488 518 527 529 542 550 568 571 575 596 601 602 625 630 639 649 651 653 655 659 667 668 692 695 697
3,1,CG-MOACO,area_s5_t100,0.007225433526011571,844.5523344627969,0.4,14 19 26 28 33 42 46 53 55 61 72 85 97 101 104 119 124 129 136 148 151 152 160 164 174 187 190 195 201 205 209 213 217 223 227 230 232 251 279 299 307 311 317 320 322 324 332 349 352 357 360 365 375 387 391 395 406 411 412 422 423 424 425 428 434 438 440 444 453 461 480 504 518 525 527 542 548 553 556 568 592 594 607 610 621 625 638 641 655 659 663 667 675 678 683 685 692 697 699
3,2,CG-MOACO,area_s5_t100,0.0,822.4848755386781,0.6324555320336759,1 12 21 33 42 47 53 55 56 61 74 76 79 97 101 118 124 129 131 134 136 145 148 151 164 174 190 201 206 209 213 214 223 227 233 237 247 262 266 269 279 293 297 299 305 311 316 320 327 331 361 362 369 379 390 391 395 411 412 420 424 434 438 441 444 449 453 461 465 467 468 472 480 491 496 506 508 525 527 556 561 564 568 588 592 594 621 625 638 652 655 660 663 666 668 675 678 683 685 697
3,3,CG-MOACO,area_s5_t100,0.044797687861271696,786.3521591229301,3.249615361854384,13 21 29 36 38 42 46 53 70 74 80 97 104 110 115 119 124 127 128 134 148 151 164 167 174 181 190 203 213 222 227 239 242 247 251 256 262 269 277 293 296 299 311 313 322 325 329 339 357 358 361 362 369 375 391 410 411 412 422 423 424 425 434 438 441 444 449 451 472 476 477 480 485 487 488 492 506 508 518 525 529 568 591 594 596 614 625 652 655 666 684 685 696 700
3,4,CG-MOACO,area_s5_t100,0.007225433526011571,820.5252754267764,0.7483314773547883,14 27 29 32 36 42 46 53 61 68 70 74 79 85 97 124 129 131 136 140 145 148 151 164 190 192 194 197 203 206 209 213 227 242 251 260 262 269 277 291 299 311 313 317 320 322 324 329 357 361 362 365 369 372 375 386 395 398 411 412 424 425 434 438 440 441 442 444 449 451 477 482 496 518 525 527 545 554 556 561 568 591 594 607 610 625 639 643 651 655 659 667 668 675 677 678 685 697 700
3,5,CG-MOACO,area_s5_t100,0.014450867052023142,808.5914779826365,2.0591260281974,14 17 33 42 47 53 68 70 74 76 78 81 97 100 109 125 128 136 148 151 160 164 167 174 181 190 203 209 213 227 233 239 251 259 262 269 291 299 311 313 320 322 324 331 334 341 360 361 369 371 375 391 395 398 411 412 420 423 424 425 434 438 441 444 449 453 461 472 477 480 484 496 506 508 518 523 527 529 545 556 560 568 588 594 596 609 624 625 643 655 666 668 678 685 692 695 697 700
3,6,CG-MOACO,area_s5_t100,0.030346820809248554,803.7102601081532,0.7483314773547883,18 27 29 31 33 41 46 53 55 61 70 74 83 97 100 109 120 125 128 145 148 151 152 164 174 181 190 192 203 205 209 213 227 239 247 251 262 275 277 293 297 299 320 322 324 329 339 349 353 357 360 361 369 371 375 391 395 398 412 425 434 438 443 444 449 456 461 472 477 480 504 518 527 529 545 547 550 560 561 568 588 594 596 625 638 643 649 655 667 668 678 685 692 695 697 700
3,7,CG-MOACO,area_s5_t100,0.014450867052023142,812.7055789053409,1.019803902718557,1 2 14 33 36 41 46 47 53 68 70 74 80 81 97 100 110 120 125 129 145 148 151 155 164 166 174 181 190 201 209 213 227 239 247 262 266 269 275 276 291 299 311 313 317 320 331 334 357 360 361 365 369 375 379 390 392 395 398 411 412 424 425 434 440 441 442 444 453 465 468 478 480 485 487 496 520 525 533 554 568 588 594 610 621 625 639 648 651 655 667 668 675 685 692 696 699 700
3,8,CG-MOACO,area_s5_t100,0.0,815.8450309202193,2.756809750418044,1 2 12 14 33 36 42 46 47 53 61 66 78 79 80 81 85 97 106 125 126 129 131 145 148 151 160 164 174 181 190 203 206 213 217 227 233 245 260 262 269 276 279 296 299 305 311 313 317 320 322 324 334 339 349 352 353 357 369 375 390 391 395 398 411 412 424 425 434 438 441 444 449 453 472 477 480 506 518 525 527 529 533 554 568 588 594 614 625 641 651 655 660 663 665 668 685 697 698 699
3,9,CG-MOACO,area_s5_t100,0.01589595375722541,806.1731634471057,0.4898979485566356,12 14 21 26 28 32 33 42 45 53 61 74 76 78 80 97 100 104 126 129 145 148 151 157 164 181 190 194 201 203 205 209 213 227 243 247 251 262 277 299 310 311 313 320 322 324 329 349 352 360 362 369 375 391 395 398 405 411 412 423 424 425 434 438 441 444 449 460 472 480 496 506 508 518 525 527 529 547 556 560 567 594 596 615 618 625 641 651 655 659 667 678 683 685 692 695 697 700
3,10,CG-MOACO,area_s5_t100,0.039017341040462394,792.7777107003706,1.4142135623730951,2 4 13 17 21 28 30 41 46 47 53 70 74 81 85 88 97 110 125 127 129 148 151 159 164 167 174 190 203 209 213 222 227 242 251 260 262 269 279 293 309 313 317 320 322 334 353 357 358 361 365 369 375 392 393 395 398 412 422 424 434 438 444 449 461 467 468 472 478 480 482 485 487 492 518 525 550 553 568 591 594 614 625 643 655 659 664 666 668 670 675 685 692 697 699
3,11,CG-MOACO,area_s5_t100,0.00867052023121384,808.989881537866,1.469693845669907,14 21 26 28 29 33 42 46 47 53 70 74 80 85 97 100 101 104 124 129 131 148 164 174 181 190 192 203 209 213 222 227 232 245 247 262 266 269 277 284 291 296 299 311 313 320 324 334 341 349 357 369 372 375 379 390 391 395 398 411 424 425 434 438 441 444 449 461 465 472 480 485 487 496 503 504 506 525 527 529 554 560 561 568 571 594 596 618 625 639 655 659 678 684 685 694 697 698 700
3,12,CG-MOACO,area_s5_t100,0.044797687861271696,830.3688108037422,0.4,27 28 29 30 33 42 46 47 53 55 70 72 74 97 100 104 124 129 136 155 158 162 164 174 181 190 201 203 205 209 213 227 232 239 251 261 262 269 288 289 293 296 299 317 320 322 357 360 361 365 369 375 391 395 398 412 425 444 449 456 461 468 472 480 485 491 504 518 525 527 529 545 550 553 556 560 561 571 594 615 618 625 638 643 649 655 666 670 678 683 692 697 699 700
3,13,CG-MOACO,area_s5_t100,0.007225433526011571,811.4044379751556,2.227105745132009,1 2 26 33 41 46 53 55 56 61 70 74 80 97 100 109 110 124 129 131 145 148 151 152 157 164 174 190 201 209 213 222 227 243 245 247 251 262 276 289 293 299 310 311 313 320 324 329 357 362 365 369 372 375 379 391 395 398 409 411 412 424 425 438 441 442 444 449 451 461 465 472 480 487 496 529 545 594 596 607 615 621 625 630 639 641 649 651 655 660 668 678 683 685 695 697 698 699 700
3,14,CG-MOACO,area_s5_t100,0.01589595375722541,798.1101349225289,0.8,1 26 33 41 46 47 53 56 61 70 74 81 83 97 119 125 127 128 131 136 145 148 151 164 174 181 190 194 201 203 205 209 213 223 227 228 247 262 269 293 297 299 310 311 313 320 322 324 350 357 360 361 369 371 375 390 391 395 411 412 424 425 434 438 441 442 444 449 461 472 480 496 518 522 525 527 529 553 556 561 568 588 594 596 614 625 638 655 660 663 665 666 678 683 685 697 699 700
3,15,CG-MOACO,area_s5_t100,0.0,815.8825889662324,1.6733200530681511,1 14 26 28 29 36 42 46 47 53 61 70 74 80 97 101 104 106 127 129 131 145 151 160 164 174 190 194 199 203 213 227 230 233 242 245 251 260 262 269 276 288 291 297 299 311 320 322 331 357 360 361 375 391 395 398 411 412 425 434 438 441 444 449 456 467 468 472 480 487 488 492 496 504 506 518 525 527 529 553 561 562 568 591 594 596 618 625 639 649 652 655 660 678 685 689 697 698 699 700
3,16,CG-MOACO,area_s5_t100,0.007225433526011571,819.7563105086841,1.16619037896906,17 21 28 42 53 56 61 70 72 74 76 79 81 85 89 97 100 109 129 131 136 145 148 151 152 164 166 174 181 190 192 203 209 213 223 227 245 247 251 262 269 275 293 299 311 317 320 322 327 329 334 361 369 372 375 392 395 398 404 406 411 412 425 434 438 441 444 449 453 456 461 468 472 480 482 487 506 518 527 553 560 561 563 568 591 594 625 630 638 655 659 668 675 678 683 685 697 699 700
3,17,CG-MOACO,area_s5_t100,0.014450867052023142,821.8035275049231,0.4898979485566356,12 14 17 21 26 28 29 41 46 47 53 74 82 93 97 100 101 124 129 136 145 148 151 158 164 174 181 190 203 206 209 213 222 227 239 247 262 266 269 279 299 311 317 320 322 334 339 349 352 353 357 358 365 369 390 391 395 398 412 420 422 425 434 438 444 449 456 461 468 472 480 484 518 525 527 529 550 553 556 562 567 591 594 615 618 625 641 643 649 651 655 667 668 678 683 685 692 697
3,18,CG-MOACO,area_s5_t100,0.024566473988439252,793.0281941961362,1.4966629547095767,2 17 18 42 46 47 53 56 70 72 74 78 81 97 100 105 106 125 128 131 145 148 151 155 159 162 164 174 181 190 194 203 206 209 213 227 233 240 245 251 255 269 293 305 311 313 320 324 331 341 349 357 360 369 375 391 398 406 411 412 422 424 425 434 444 449 453 461 465 472 480 484 506 508 525 527 529 542 556 568 588 591 594 596 625 641 643 651 655 660 665 678 683 685 697 699 700
3,19,CG-MOACO,area_s5_t100,0.03179190751445082,793.1279852866726,0.7483314773547883,12 14 20 28 33 42 45 47 53 66 72 74 81 97 104 109 110 125 128 134 145 148 164 174 181 190 194 199 203 206 213 222 227 245 247 262 266 276 297 309 311 313 320 322 324 349 352 357 358 361 369 375 390 391 395 398 412 420 422 424 425 434 438 441 442 444 448 449 461 472 480 484 506 518 529 533 547 561 571 594 596 615 618 625 649 651 653 655 660 663 683 685 692 693 697 700
3,20,CG-MOACO,area_s5_t100,0.014450867052023142,796.1513705990933,2.4166091947189146,14 17 26 33 42 46 47 53 61 68 70 78 85 97 115 118 124 127 128 136 145 148 151 164 174 181 190 194 197 203 206 209 213 217 227 233 245 247 251 262 269 291 299 311 313 320 322 324 341 357 360 361 369 375 391 395 411 412 420 422 423 424 425 434 438 441 442 444 449 451 453 461 472 477 504 506 518 525 527 529 554 556 568 594 596 614 625 643 651 655 660 663 668 683 685 692 696 700
3,21,CG-MOACO,area_s5_t100,0.014450867052023142,815.6583079879995,0.8,1 14 21 29 30 33 42 46 53 70 72 74 79 97 124 128 131 134 135 144 148 151 167 174 181 187 190 194 201 209 213 227 239 242 247 251 262 269 276 291 297 299 316 320 324 349 357 361 362 369 372 375 391 395 398 406 411 412 425 434 438 441 444 445 449 456 461 472 477 480 484 487 506 518 525 527 533 561 562 588 594 604 615 621 625 638 643 649 652 655 667 668 675 683 685 697 699 700
3,22,CG-MOACO,area_s5_t100,0.028901734104046284,794.2145783744076,0.9797958971132712,1 12 21 29 33 41 46 47 53 61 66 74 88 97 100 110 119 129 145 148 151 164 166 174 181 190 203 213 214 227 243 245 247 251 262 269 276 293 296 299 311 320 322 324 334 336 341 349 357 360 361 369 375 391 395 405 411 420 425 434 438 441 444 450 456 460 472 480 487 496 504 506 518 525 529 545 553 561 588 594 596 615 625 638 643 649 655 659 668 678 683 685 692 694 697 700
3,23,CG-MOACO,area_s5_t100,0.0,880.5531320289912,0.0,1 2 14 18 21 26 33 41 53 55 66 70 74 76 78 97 98 100 118 131 145 148 151 152 164 174 176 190 192 202 206 213 227 233 239 251 261 262 268 276 296 299 320 324 327 329 341 353 360 361 362 365 369 371 375 391 395 405 406 412 424 425 434 438 444 449 453 465 467 472 478 480 484 492 508 525 527 548 550 556 568 588 590 592 594 598 625 643 655 665 667 668 670 675 678 683 695 697 699 700
4,0,CG-MOACO,area_s5_t100,0.01589595375722541,784.3826264262102,0.8,1 5 12 14 33 41 46 47 53 55 66 72 74 80 85 95 97 100 101 109 131 145 151 158 161 164 174 176 179 190 199 203 211 213 233 245 251 261 262 268 281 288 299 305 313 322 337 352 360 362 365 369 375 394 395 398 400 406 411 412 424 434 438 440 449 451 452 461 468 472 477 487 500 523 527 529 544 554 558 568 578 590 594 607 614 622 625 639 641 647 651 655 662 668 677 691 697 700
4,1,CG-MOACO,area_s5_t100,0.0,819.8672188584792,0.0,1 21 26 33 38 41 44 47 53 55 70 72 74 78 85 97 100 111 131 132 145 151 152 164 174 190 199 203 213 222 227 245 247 260 262 266 268 269 275 276 281 288 299 310 311 313 317 318 322 327 337 347 362 365 369 372 375 385 395 398 424 425 434 436 438 440 441 444 449 451 472 484 487 492 500 525 527 529 543 552 568 594 607 614 618 625 641 643 651 655 660 662 665 677 678 685 695 697 699 700
4,2,CG-MOACO,area_s5_t100,0.0,811.3901433751457,0.6324555320336759,1 14 19 33 41 53 55 66 70 72 74 76 77 85 97 101 109 120 131 136 145 148 151 161 164 174 179 187 190 199 203 223 224 227 233 245 250 251 268 281 291 299 305 310 313 317 322 325 327 336 360 365 369 375 391 394 395 398 402 411 424 425 434 438 440 444 451 461 472 480 484 487 493 518 524 544 545 548 552 553 568 586 590 594 607 614 625 629 641 651 655 660 663 668 675 685 697 698 699 700
4,3,CG-MOACO,area_s5_t100,0.0,810.013279216987,0.8944271909999159,1 12 14 19 32 33 41 44 53 74 78 97 100 106 109 121 123 131 136 145 151 161 164 176 187 190 194 203 213 214 215 222 243 245 251 255 261 268 281 288 299 305 310 313 322 327 337 341 347 362 365 369 372 375 391 398 406 411 412 424 425 434 438 440 451 461 472 478 487 491 500 508 527 532 543 548 553 555 558 568 578 586 590 594 600 607 614 622 625 641 643 647 651 655 660 662 668 675 697 700
4,4,CG-MOACO,area_s5_t100,0.0,803.3268811775577,1.0954451150103321,1 5 14 32 33 41 47 53 66 70 72 74 76 97 100 101 105 109 123 124 131 136 145 148 151 161 164 179 190 199 203 211 222 223 224 227 245 250 251 261 268 281 291 299 305 311 313 317 325 327 334 336 337 365 369 375 394 395 398 411 416 424 434 438 440 441 444 449 451 452 461 465 472 484 487 493 524 529 539 545 552 568 594 607 614 625 639 641 649 651 653 655 660 662 677 691 695 697 699 700
4,5,CG-MOACO,area_s5_t100,0.007225433526011571,803.2227207464051,0.4,1 14 19 21 27 32 33 41 47 53 70 72 74 85 97 100 109 121 131 145 148 151 152 164 168 179 190 194 197 199 203 213 245 251 262 268 269 274 276 281 299 310 311 313 317 322 325 347 357 360 362 365 369 375 391 394 398 411 412 424 425 434 438 440 451 469 472 477 484 487 491 512 524 527 529 534 543 545 558 568 578 594 598 607 614 625 639 641 643 647 651 655 660 662 668 685 695 697 700
4,6,CG-MOACO,area_s5_t100,0.007225433526011571,794.6043051512275,0.7483314773547883,1 14 19 33 41 47 53 66 70 72 74 78 80 85 97 100 109 121 123 131 145 148 151 161 164 174 179 190 194 197 199 203 222 230 245 251 268 269 276 281 291 299 304 310 311 313 317 322 325 327 349 362 365 375 382 398 401 406 411 412 424 425 434 438 440 451 461 472 484 487 500 524 527 529 532 543 554 555 558 568 578 586 594 607 614 618 625 631 641 647 651 655 660 662 668 677 680 697 700
4,7,CG-MOACO,area_s5_t100,0.007225433526011571,789.236774919312,1.8330302779823362,1 12 14 21 29 32 33 41 47 53 66 74 76 78 85 97 100 105 109 124 131 136 145 151 164 179 190 194 199 203 213 227 233 245 247 250 251 260 262 268 269 288 299 305 311 313 322 325 327 350 352 353 360 362 365 369 375 394 395 398 406 411 412 423 424 425 434 438 440 441 449 451 461 472 478 480 484 487 516 518 529 568 578 594 596 607 614 625 641 643 651 655 665 677 685 695 697 699 700
4,8,CG-MOACO,area_s5_t100,0.00867052023121384,785.3717795837725,0.4,1 14 32 33 41 46 53 66 70 72 74 80 85 97 100 101 109 111 124 131 142 145 151 161 164 169 179 187 190 199 203 224 227 233 245 250 255 262 268 269 288 291 299 305 311 313 322 325 334 337 349 360 365 369 375 394 398 400 406 411 423 424 434 438 440 441 444 449 452 461 472 477 487 494 500 524 529 530 540 552 568 594 596 607 614 622 625 639 641 651 655 660 662 668 695 697 698 699 700
4,9,CG-MOACO,area_s5_t100,0.0,795.9424999680954,2.280350850198276,1 14 19 32 33 38 41 47 53 70 72 74 77 85 97 100 101 109 121 123 124 131 136 145 151 161 164 190 194 197 199 203 205 213 223 227 245 251 261 268 269 272 275 281 288 291 299 305 313 317 322 327 336 347 350 360 362 365 369 375 394 395 398 411 424 427 434 438 440 444 451 452 461 468 472 500 524 527 529 545 568 586 590 594 607 614 622 625 641 651 653 655 660 662 668 677 695 697 699 700
4,10,CG-MOACO,area_s5_t100,0.023121387283236983,772.0609301385414,1.3564659966250538,1 14 27 29 32 33 38 41 47 53 55 70 72 74 80 97 100 109 121 123 124 131 145 148 151 161 164 168 190 197 199 203 205 245 251 255 261 268 269 276 281 291 299 313 322 325 327 347 350 360 362 365 369 375 394 398 406 411 412 424 425 434 438 440 451 461 472 477 484 493 500 508 512 518 524 527 529 558 568 578 590 594 596 607 614 625 639 641 647 651 655 660 668 677 695 697 700
4,11,CG-MOACO,area_s5_t100,0.007225433526011571,793.2588055959259,1.16619037896906,1 5 14 32 41 47 53 70 72 74 78 83 85 95 97 100 109 111 121 131 136 145 148 151 158 161 164 179 190 194 197 199 203 205 211 213 245 261 262 266 268 269 291 299 305 310 313 325 327 336 347 360 362 369 375 394 395 398 411 412 423 424 434 438 440 449 451 461 465 472 484 500 524 527 529 543 554 556 558 568 578 590 591 594 596 607 614 625 641 643 647 651 655 662 665 668 677 697 700
4,12,CG-MOACO,area_s5_t100,0.0,800.7690221309593,1.2649110640673518,1 14 29 32 33 41 47 53 70 72 74 81 83 85 97 100 101 109 121 131 136 145 151 158 161 164 168 179 190 194 199 203 213 222 227 245 251 262 268 269 281 288 291 299 305 313 317 325 327 336 337 346 347 349 369 375 394 395 398 411 412 416 424 425 434 438 440 451 461 465 472 484 487 500 512 524 527 529 543 545 554 568 578 590 594 607 614 639 641 643 651 655 660 662 668 677 685 697 699 700
5,0,CG-MOACO,area_s5_t100,0.007225433526011571,826.3440853953975,0.4,1 19 26 32 41 45 53 55 56 66 68 70 82 85 97 115 119 121 131 136 145 148 151 164 179 187 190 203 213 217 222 223 230 242 251 255 261 262 268 269 291 292 299 308 310 313 322 324 337 341 344 357 361 365 373 382 384 387 391 411 424 425 434 438 440 443 444 449 461 472 496 517 525 527 529 543 545 551 554 558 561 568 590 591 594 596 607 614 622 625 639 647 651 653 658 662 668 697 700
5,1,CG-MOACO,area_s5_t100,0.017341040462427793,811.1054018792241,0.4898979485566356,1 14 21 29 32 33 41 46 53 55 63 70 80 82 85 97 100 115 124 141 145 148 150 151 164 172 179 187 190 197 213 217 222 226 243 245 251 255 273 291 299 304 313 322 325 336 341 346 347 349 353 357 369 373 391 398 402 408 411 424 425 438 440 444 449 467 472 483 515 524 525 527 529 538 540 545 551 556 558 568 588 594 595 597 614 622 639 641 646 651 653 660 662 668 691 692 697 700
5,2,CG-MOACO,area_s5_t100,0.047687861271676346,770.2684661651116,1.1661903789690602,1 5 11 32 33 41 46 53 70 74 80 82 85 97 100 101 115 119 124 126 131 152 161 164 167 170 175 179 181 187 190 194 213 230 245 251 255 262 269 293 299 307 311 313 317 322 325 336 337 339 349 353 360 365 391 408 411 423 424 434 438 440 472 483 486 489 499 517 524 525 527 540 551 556 558 568 588 597 614 622 625 639 641 646 651 655 658 662 668 675 683 695 696 700
5,3,CG-MOACO,area_s5_t100,0.0,808.8933002298355,0.8944271909999159,1 11 26 29 32 33 41 44 46 53 70 74 80 81 85 97 100 101 109 125 131 145 148 150 162 164 168 172 176 187 190 194 198 203 209 213 222 251 255 268 276 278 281 291 299 313 320 322 341 349 353 357 365 369 372 384 391 394 399 402 411 424 425 436 438 440 441 451 461 472 486 515 518 523 527 529 536 540 545 552 556 568 578 594 607 614 618 622 625 639 641 647 651 655 660 668 691 695 697 700
5,4,CG-MOACO,area_s5_t100,0.0,808.1903624937522,1.0954451150103321,1 19 21 26 32 33 41 46 53 56 66 70 74 82 85 97 100 101 119 124 131 145 148 151 152 164 172 176 179 187 190 194 203 213 222 245 247 250 251 254 276 281 299 310 313 322 325 337 339 349 357 365 369 371 372 391 395 402 411 424 425 434 436 438 440 466 472 486 496 515 518 525 529 540 545 546 552 556 558 568 578 585 588 594 599 614 622 625 639 641 643 647 655 660 668 683 691 695 697 700
5,5,CG-MOACO,area_s5_t100,0.014450867052023142,792.2464845608522,2.0591260281974,1 19 27 41 45 47 53 55 70 74 80 82 85 97 100 115 119 121 124 131 143 145 148 151 154 164 172 174 179 190 203 213 222 245 250 251 276 281 291 299 306 310 313 315 322 325 336 337 341 347 349 357 361 365 369 387 391 395 402 411 424 434 438 440 444 451 461 472 487 496 515 518 525 529 540 545 546 552 553 558 568 576 591 594 607 614 622 625 639 647 651 655 660 668 691 697 698 700
5,6,CG-MOACO,area_s5_t100,0.014450867052023142,792.3888120174042,0.8,1 19 22 27 32 41 44 45 53 56 66 70 81 85 97 100 119 125 131 136 143 145 148 151 164 170 179 181 187 190 194 198 203 213 222 250 251 255 262 269 281 291 299 311 313 322 341 349 357 365 369 371 372 384 391 408 411 414 424 434 436 438 440 444 450 461 472 487 496 515 523 525 529 533 540 545 552 558 568 588 591 594 596 614 622 625 635 639 641 643 647 655 660 662 668 683 696 700
5,7,CG-MOACO,area_s5_t100,0.01589595375722541,820.8857867719156,0.4898979485566356,1 19 22 32 41 45 53 66 68 70 80 81 83 85 97 100 101 119 125 131 148 151 152 164 167 170 176 181 187 190 194 203 213 217 222 230 236 245 251 261 281 283 285 299 313 320 322 325 336 337 341 346 357 372 391 395 402 408 411 424 434 436 438 440 444 449 461 472 487 496 523 525 527 529 533 545 552 557 568 588 590 591 594 614 622 639 641 647 651 655 660 662 668 683 691 697 698 700
5,8,CG-MOACO,area_s5_t100,0.024566473988439252,800.0642277101692,0.4898979485566356,20 29 32 33 41 46 53 56 58 68 74 82 97 100 101 115 119 124 131 140 148 151 161 164 167 172 179 187 190 194 213 214 222 223 236 251 255 261 284 289 291 292 313 315 322 325 348 353 357 365 369 372 373 384 391 403 408 411 423 424 425 438 440 467 472 480 483 487 508 518 523 525 527 529 545 551 555 558 568 578 588 594 597 614 622 625 639 641 647 651 660 668 683 691 695 697 700
5,9,CG-MOACO,area_s5_t100,0.0,800.7733142505887,2.280350850198276,1 26 29 32 41 46 53 56 63 70 74 81 85 97 100 119 125 131 136 145 148 151 158 162 164 179 187 190 198 203 213 222 243 251 273 281 291 299 313 322 325 334 339 347 349 357 365 369 371 372 373 384 391 395 402 408 411 424 425 434 436 438 440 449 461 466 472 496 515 523 525 527 529 533 540 545 552 556 558 568 578 588 590 591 594 595 614 622 625 639 641 643 647 660 662 668 683 691 697 700
5,10,CG-MOACO,area_s5_t100,0.00867052023121384,796.7670745574999,0.7483314773547883,1 18 27 32 33 41 46 53 56 61 66 70 74 85 97 105 119 124 131 145 148 151 161 164 179 187 190 194 203 213 222 223 242 243 245 251 259 268 281 291 299 310 313 315 322 325 337 341 349 357 365 369 372 373 391 395 402 411 424 425 434 436 438 440 444 449 451 461 472 487 496 504 523 525 527 529 545 552 558 568 590 594 607 614 625 639 641 647 651 656 660 662 678 685 691 695 697 698 700
5,11,CG-MOACO,area_s5_t100,0.007225433526011571,800.4346061876013,0.7483314773547883,1 26 29 32 33 41 46 53 63 66 70 81 85 97 99 100 115 119 131 136 145 148 151 152 161 164 172 179 187 190 194 203 213 217 222 250 251 255 261 268 278 281 293 299 306 308 313 317 322 337 339 349 357 365 369 384 387 391 402 411 424 425 434 438 440 441 461 468 472 477 484 496 512 517 525 529 543 545 552 556 568 578 594 607 614 625 639 641 643 647 651 655 658 668 683 691 695 697 700
5,12,CG-MOACO,area_s5_t100,0.01589595375722541,780.3052354151044,1.624807680927192,1 18 32 41 46 53 56 66 70 74 81 83 85 97 100 101 119 125 131 148 151 152 161 164 167 172 181 187 190 194 203 213 222 223 251 255 281 293 299 310 313 315 320 322 325 337 341 349 357 369 372 384 391 394 402 411 424 425 434 438 440 444 449 461 472 487 496 515 523 525 527 529 540 545 546 551 554 558 568 588 591 594 614 622 625 639 641 647 651 655 660 662 668 683 691 697 698 700
5,13,CG-MOACO,area_s5_t100,0.01589595375722541,788.1840717499888,1.4966629547095767,1 11 18 21 26 29 32 41 46 53 70 74 82 83 85 97 100 101 119 124 131 145 148 164 176 179 187 190 194 198 203 213 222 223 247 250 251 254 261 262 281 291 299 313 322 325 336 339 347 350 357 369 372 373 384 391 395 408 411 414 424 425 434 436 438 440 449 451 461 472 487 496 525 529 545 552 558 568 578 590 591 594 607 614 622 625 639 641 647 651 656 660 662 668 683 691 697 700
5,14,CG-MOACO,area_s5_t100,0.01589595375722541,789.682620928917,0.8,1 19 27 32 41 46 53 55 66 70 74 80 85 97 100 119 124 126 131 145 148 151 161 164 170 172 179 181 187 190 203 213 222 243 251 255 261 269 273 281 291 299 313 322 336 337 341 344 349 353 357 365 369 384 391 402 408 411 424 425 434 436 438 440 444 449 461 468 472 504 515 518 523 525 527 529 533 552 558 568 588 591 594 596 614 622 625 639 641 647 651 655 660 668 683 697 698 700
5,15,CG-MOACO,area_s5_t100,0.0,821.8153104751572,0.6324555320336759,1 19 26 32 33 41 46 53 56 66 70 74 81 85 97 100 101 115 119 125 145 148 151 161 164 179 187 190 194 203 213 222 245 247 251 259 268 275 276 281 283 291 299 308 313 315 322 337 341 346 349 357 365 369 372 391 395 402 411 424 434 436 438 440 449 452 461 467 468 472 487 496 515 525 527 529 540 545 552 558 568 578 590 594 614 622 639 641 643 647 651 655 660 662 668 691 692 695 697 700
5,16,CG-MOACO,area_s5_t100,0.007225433526011571,791.0020366260086,2.3151673805580453,1 19 32 33 41 45 53 55 70 74 82 85 91 97 100 101 119 124 126 131 136 148 151 161 164 167 179 181 187 190 195 203 213 222 223 251 269 281 291 299 310 311 313 322 325 337 339 347 349 357 365 369 371 384 391 395 403 408 411 416 424 425 434 436 438 440 449 461 472 487 496 515 523 525 527 529 533 540 552 558 565 568 578 588 594 596 614 622 625 639 641 647 660 662 668 683 695 697 700
5,17,CG-MOACO,area_s5_t100,0.017341040462427793,779.2428798912898,0.8,1 20 26 29 32 33 41 46 53 55 68 70 74 85 97 100 109 115 124 131 145 148 151 161 164 168 172 176 179 187 190 203 213 215 222 223 245 251 261 281 291 313 322 325 337 341 347 357 359 365 369 372 387 391 395 402 408 411 424 425 434 436 438 440 451 461 472 486 504 515 527 529 536 545 552 556 558 568 578 594 607 614 618 622 625 641 647 651 655 660 662 665 668 683 691 695 697 700
5,18,CG-MOACO,area_s5_t100,0.007225433526011571,790.5512076168988,2.5612496949731396,1 19 26 33 35 41 44 46 53 55 56 70 74 82 85 97 99 100 101 119 120 124 131 136 145 148 150 151 161 164 172 174 179 187 190 203 213 222 223 251 255 268 275 281 291 299 310 313 315 322 337 341 347 349 357 361 365 369 372 384 391 402 411 424 425 436 438 440 444 449 451 472 487 496 515 523 525 527 529 540 545 552 558 568 594 614 622 625 639 647 651 655 660 668 679 691 695 696 700
6,0,CG-MOACO,area_s5_t100,0.08815028901734101,787.7538364461684,0.7483314773547883,4 12 14 32 33 42 61 66 74 78 79 85 97 108 111 115 138 148 151 166 172 181 184 189 200 203 214 219 224 226 236 246 250 257 266 281 289 294 314 320 325 329 338 351 380 382 383 392 399 408 412 419 422 428 440 441 444 452 456 459 460 465 476 487 509 516 524 528 534 541 542 575 577 580 587 611 614 616 625 642 646 651 655 663 688 691 692 697 698
6,1,CG-MOACO,area_s5_t100,0.037572254335260125,824.1106794845623,0.0,1 14 21 33 36 41 46 53 61 63 70 85 88 93 97 111 124 131 136 145 148 151 164 174 187 190 200 203 217 222 223 224 227 230 242 254 257 266 294 305 311 320 322 325 336 337 349 353 358 365 384 391 395 407 409 411 412 423 425 434 440 441 444 451 453 456 459 476 488 493 500 518 522 524 525 527 575 586 594 607 610 615 625 641 653 655 660 675 683 685 687 695 697 699 700
6,2,CG-MOACO,area_s5_t100,0.0,813.5745235103963,1.4142135623730951,1 2 21 26 33 42 46 53 55 61 70 85 93 97 101 119 124 129 131 136 143 145 148 153 164 174 190 199 203 217 219 222 223 224 230 242 245 251 291 299 311 313 315 320 322 325 329 337 349 353 359 365 372 391 395 411 412 424 434 438 440 441 444 451 452 461 472 477 487 489 493 507 518 524 525 527 529 545 568 571 586 594 607 614 625 641 651 655 660 668 678 683 685 687 691 695 697 698 699 700
6,3,CG-MOACO,area_s5_t100,0.007225433526011571,830.9034945889789,0.4,1 14 28 29 33 41 46 53 61 63 66 70 85 88 97 100 109 125 131 136 145 148 151 159 174 177 190 192 217 219 224 227 233 236 245 246 251 261 269 291 302 305 311 317 320 322 325 329 360 365 369 373 391 395 398 403 408 411 412 423 425 434 438 440 441 444 456 476 480 482 491 496 518 524 527 528 533 545 556 563 568 577 585 594 607 610 618 621 625 631 639 641 643 660 683 695 696 699 700
6,4,CG-MOACO,area_s5_t100,0.028901734104046284,819.7938273366101,0.4,1 12 21 26 29 32 41 46 53 55 61 71 74 85 97 101 119 129 136 145 148 151 164 168 176 181 190 200 203 213 222 223 236 242 245 251 259 261 262 294 311 320 322 325 329 336 338 349 353 362 365 369 370 394 395 411 412 420 423 434 436 440 441 451 456 472 487 489 500 501 518 524 525 527 529 530 545 562 564 575 578 591 594 598 615 625 642 646 655 660 668 688 691 692 697 700
6,5,CG-MOACO,area_s5_t100,0.007225433526011571,803.405897121785,2.039607805437114,1 12 21 27 33 41 46 53 61 66 74 85 88 97 100 105 119 125 131 136 137 145 148 151 164 174 177 179 190 199 203 214 222 223 224 227 230 236 245 251 299 311 313 315 322 325 329 336 338 349 359 365 391 393 395 408 411 412 416 423 424 434 438 440 441 444 451 452 472 476 487 493 496 500 518 524 525 527 529 537 545 553 564 568 572 586 594 607 614 625 641 653 655 660 685 687 691 697 700
6,6,CG-MOACO,area_s5_t100,0.039017341040462394,794.5798085254096,0.6324555320336759,1 4 14 22 26 32 33 41 46 47 53 55 61 63 66 70 97 119 125 145 148 151 158 164 172 190 203 217 222 224 227 230 236 242 245 246 251 260 290 299 306 315 318 320 322 325 338 350 359 365 367 391 393 395 402 408 409 411 423 438 440 451 452 456 482 494 496 500 512 518 524 525 527 545 551 556 558 578 594 607 610 615 618 625 641 643 651 655 660 675 685 692 695 697 700
6,7,CG-MOACO,area_s5_t100,0.03179190751445082,791.8390549502927,0.7483314773547883,1 12 14 21 26 29 36 41 46 53 61 66 74 78 80 97 100 119 124 131 145 148 151 159 164 174 190 194 201 203 213 222 227 236 245 250 251 255 260 311 313 315 320 322 325 329 336 338 352 362 365 369 391 393 408 411 412 416 423 424 427 434 438 440 451 472 487 496 500 508 512 518 522 524 525 529 545 553 578 585 591 594 607 615 625 629 641 652 655 660 685 687 691 697 699 700
6,8,CG-MOACO,area_s5_t100,0.033236994219653204,796.9131638132802,0.4,1 11 14 21 26 29 33 41 53 55 61 70 74 97 100 115 119 125 136 143 145 148 159 168 174 175 181 184 190 199 203 209 224 236 245 246 251 260 291 298 311 313 315 320 322 325 329 336 338 349 358 365 369 391 395 408 412 423 424 434 438 440 451 461 472 487 494 496 500 512 518 524 525 527 529 545 558 568 578 580 614 625 641 647 649 651 655 660 686 687 691 692 693 695 697 700
6,9,CG-MOACO,area_s5_t100,0.01589595375722541,796.8555576219761,0.4898979485566356,1 4 22 26 33 36 41 46 53 55 61 63 70 85 97 115 119 124 131 145 146 151 164 174 190 199 203 209 217 222 223 224 227 236 245 251 262 268 269 288 291 311 313 317 320 322 325 329 338 349 353 365 369 372 391 395 411 412 423 424 434 436 438 440 441 451 453 472 493 500 501 518 524 525 527 545 554 556 575 578 586 594 607 615 618 625 641 651 655 660 663 668 675 683 685 697 699 700
6,10,CG-MOACO,area_s5_t100,0.01589595375722541,778.2878707073885,0.8,1 14 21 26 33 41 46 47 53 55 61 70 93 97 100 101 111 119 124 131 145 146 148 151 164 172 174 181 190 199 203 209 217 219 222 224 227 245 269 276 281 290 291 299 308 313 315 320 322 338 349 359 365 369 372 391 395 402 408 411 424 425 438 440 441 444 453 461 468 472 477 487 493 496 508 522 524 525 527 545 586 594 615 625 642 643 651 655 660 662 675 678 683 685 695 697 699 700
6,11,CG-MOACO,area_s5_t100,0.03179190751445082,812.8879239299198,0.4,1 4 11 26 33 36 41 46 61 66 70 74 85 97 101 119 125 129 131 145 148 153 164 168 174 179 189 203 211 219 222 223 224 236 242 245 246 251 290 294 299 311 315 322 325 329 334 338 344 351 365 369 373 393 395 403 411 412 423 440 441 451 452 456 472 481 496 512 524 525 527 529 530 539 540 545 553 562 577 578 594 607 615 616 618 625 639 641 646 651 660 662 691 697 699 700
6,12,CG-MOACO,area_s5_t100,0.00867052023121384,806.3467999578671,1.7204650534085253,1 12 14 18 26 29 32 33 41 46 53 55 61 63 74 85 97 111 115 119 124 131 145 148 151 164 177 181 187 189 199 203 209 222 223 224 236 242 243 245 262 266 299 311 315 320 322 325 338 349 352 359 365 369 373 391 395 399 408 411 412 423 425 434 438 440 451 456 472 477 496 500 512 518 522 524 525 527 529 540 556 558 563 568 577 578 586 594 614 625 631 641 647 651 660 691 695 697 700
6,13,CG-MOACO,area_s5_t100,0.030346820809248554,814.0767164567895,0.4,1 4 12 14 21 33 36 41 53 61 74 78 93 97 102 111 119 124 131 145 148 159 174 190 194 201 203 209 213 222 227 230 239 242 259 262 266 268 269 281 305 310 311 317 320 322 325 329 338 352 353 365 391 394 395 411 412 416 434 438 440 441 444 451 456 472 477 487 491 500 518 522 524 525 527 529 540 571 580 586 594 607 609 615 625 641 643 644 649 651 653 655 695 697 699 700
6,14,CG-MOACO,area_s5_t100,0.014450867052023142,790.0947792797648,0.8,1 12 14 21 26 29 33 41 46 53 61 85 97 100 101 115 119 124 131 136 145 148 151 174 177 190 200 203 209 217 220 223 224 227 236 245 246 250 251 260 311 313 317 320 322 325 329 334 336 338 350 351 352 360 365 369 395 408 411 412 423 424 425 434 438 440 441 451 472 487 496 500 512 518 524 525 529 530 545 554 575 578 580 586 594 607 615 625 641 651 655 660 685 687 691 697 699 700
6,15,CG-MOACO,area_s5_t100,0.030346820809248554,792.4962193974808,0.7483314773547883,1 4 12 21 27 28 33 36 41 46 53 61 66 85 97 105 119 120 125 131 145 148 151 164 174 190 195 200 203 219 222 223 224 236 243 245 251 268 273 299 310 311 315 320 322 325 329 338 352 359 365 369 372 380 391 395 411 412 423 434 436 438 440 441 444 456 472 476 487 493 496 497 524 525 527 529 533 545 586 594 607 615 625 629 641 646 651 655 660 663 685 687 691 696 699 700
6,16,CG-MOACO,area_s5_t100,0.00867052023121384,795.0793227737479,1.8330302779823362,1 11 12 18 21 26 29 32 33 36 41 46 53 61 74 85 97 100 101 105 109 124 131 145 148 164 187 190 199 203 206 209 219 222 223 224 236 245 251 261 268 299 311 313 317 320 322 325 336 337 349 352 353 358 365 369 394 395 398 411 412 423 424 425 434 436 438 440 451 472 476 512 518 524 527 529 530 545 554 556 558 568 578 586 594 607 614 625 631 641 647 651 655 659 683 687 691 697 700
6,17,CG-MOACO,area_s5_t100,0.0,820.6104642642522,1.0954451150103321,1 12 21 33 41 46 47 53 63 74 85 93 97 100 105 119 125 131 136 137 143 145 148 151 164 168 172 174 177 190 200 203 209 222 224 251 260 268 281 299 305 310 320 322 325 336 338 349 352 365 369 372 383 391 394 395 409 411 412 434 438 440 441 451 456 472 476 485 493 496 500 501 518 524 525 527 529 545 553 556 563 568 572 578 594 596 607 614 625 641 643 647 651 655 660 665 685 687 697 700
6,18,CG-MOACO,area_s5_t100,0.0,836.0104180560203,0.6324555320336759,1 2 12 14 21 26 33 41 46 53 55 61 74 85 97 101 124 129 131 136 143 145 146 148 151 164 174 181 190 199 203 209 222 223 224 236 239 242 251 262 311 315 318 320 322 329 352 359 365 369 380 391 393 395 398 399 411 412 416 424 434 438 440 441 444 451 453 468 477 479 487 493 496 500 522 524 525 527 545 547 575 586 592 594 610 615 625 629 641 646 651 653 655 667 675 685 695 697 699 700
6,19,CG-MOACO,area_s5_t100,0.007225433526011571,806.8234180027761,0.7483314773547883,1 5 12 14 21 26 41 46 53 55 61 66 74 97 100 101 105 119 125 131 136 145 148 151 164 172 174 177 190 192 199 203 222 223 224 227 236 245 251 254 275 299 313 315 320 322 325 329 338 350 352 358 365 369 391 395 399 408 411 412 423 434 438 440 441 451 452 477 487 493 496 500 508 512 518 524 525 527 529 545 563 568 578 586 591 594 607 610 625 641 651 655 660 685 687 691 697 699 700
6,20,CG-MOACO,area_s5_t100,0.037572254335260125,769.8050618132268,2.227105745132009,1 2 4 6 14 21 33 41 46 53 61 70 74 85 93 97 119 124 129 131 145 148 151 164 174 181 190 194 199 203 209 213 222 226 227 242 245 246 250 251 259 262 269 291 305 311 313 317 320 322 325 329 338 369 391 394 395 412 416 419 424 434 438 440 441 451 452 461 477 487 496 500 501 518 520 524 525 529 545 575 579 586 594 610 615 625 629 641 644 651 655 660 685 695 696 700
6,21,CG-MOACO,area_s5_t100,0.007225433526011571,806.7637249736697,1.7204650534085253,1 14 21 33 41 46 47 53 55 61 63 66 70 74 85 97 115 119 125 131 136 137 145 148 151 174 177 190 192 199 203 213 222 223 227 236 242 245 251 261 268 291 299 302 305 310 311 313 315 320 322 325 338 358 362 365 369 391 395 399 411 412 423 424 425 434 438 440 441 444 449 451 477 496 500 518 524 525 527 529 545 556 568 594 607 610 625 629 641 652 653 655 660 668 687 691 695 697 700
6,22,CG-MOACO,area_s5_t100,0.0,804.7267886688034,2.0,1 27 29 33 42 46 53 55 56 61 70 74 85 90 97 100 105 119 125 131 136 145 151 164 174 190 200 203 209 222 223 224 227 236 243 245 251 288 291 299 306 311 315 318 320 322 325 329 338 365 369 387 391 393 395 408 411 412 423 425 434 436 438 440 441 451 456 472 487 491 494 496 500 518 525 527 529 545 555 563 568 577 578 594 607 614 625 639 641 651 655 660 683 685 687 691 695 697 699 700
7,0,CG-MOACO,area_s5_t100,0.007225433526011571,803.8699717399934,0.7483314773547883,1 12 14 35 41 45 53 66 72 76 80 85 97 100 107 109 124 126 131 145 148 151 160 164 174 176 190 194 203 206 213 222 236 245 251 262 268 276 278 299 305 311 313 320 322 325 329 341 352 354 358 362 365 369 391 395 398 399 411 412 423 424 425 434 438 440 441 444 449 451 453 472 477 480 492 518 527 529 540 554 568 591 594 607 614 622 625 641 647 651 655 660 665 668 678 691 697 698 700
7,1,CG-MOACO,area_s5_t100,0.014450867052023142,798.7280613104642,1.019803902718557,1 14 19 22 26 33 41 53 63 66 70 85 97 100 109 124 131 136 145 148 151 164 168 174 190 194 203 213 215 233 245 247 251 259 262 268 269 278 281 291 299 310 311 313 320 325 329 341 349 360 362 365 369 375 378 391 395 411 412 424 434 438 440 444 451 461 472 477 479 497 500 518 527 529 536 540 545 554 556 564 568 594 596 604 609 614 622 625 639 642 643 646 651 655 668 678 697 700
7,2,CG-MOACO,area_s5_t100,0.0,807.1449399596207,1.4142135623730951,1 14 26 33 42 46 53 61 70 74 85 97 98 100 101 115 119 124 131 136 137 144 148 151 161 174 176 190 194 203 206 209 213 227 233 245 251 259 262 268 281 291 299 311 313 320 322 325 329 338 341 353 360 361 362 365 369 375 391 395 411 412 424 434 438 440 441 451 453 461 472 473 477 500 501 523 525 527 529 545 554 556 564 568 578 581 586 594 607 625 629 643 651 655 660 668 685 691 697 700
7,3,CG-MOACO,area_s5_t100,0.01589595375722541,795.5205621288512,1.019803902718557,1 12 14 18 27 29 32 33 41 46 53 68 83 85 97 100 119 124 145 148 151 161 164 176 186 190 194 201 203 205 209 213 215 223 240 243 245 251 268 281 299 311 313 320 325 329 336 338 352 354 360 362 369 375 391 395 399 411 425 434 438 440 444 449 451 461 465 484 500 523 525 527 529 545 547 554 556 558 563 568 594 607 614 625 639 641 647 651 655 660 668 678 685 687 692 694 697 700
7,4,CG-MOACO,area_s5_t100,0.007225433526011571,794.7239885362465,1.9390719429665317,1 3 14 22 27 32 42 53 66 68 70 79 85 97 100 109 124 131 136 137 148 151 164 176 177 187 190 194 201 203 205 213 215 221 223 230 245 251 262 291 299 310 311 313 320 322 325 354 362 365 375 378 382 391 395 399 407 411 412 424 425 428 434 438 440 441 444 451 472 473 477 480 484 499 518 523 527 529 536 545 554 556 568 586 591 594 607 609 625 641 647 651 655 668 678 685 691 697 700
7,5,CG-MOACO,area_s5_t100,0.00867052023121384,786.1029982972473,1.469693845669907,1 12 14 22 26 33 41 47 53 55 61 66 72 80 85 97 100 109 110 124 131 145 148 151 158 164 174 176 190 203 206 211 213 222 245 251 262 268 279 299 311 313 320 322 325 326 341 352 354 358 365 369 375 391 394 395 398 412 423 424 425 434 438 440 450 451 453 461 472 479 500 504 512 518 523 529 545 554 556 558 568 578 594 607 614 618 625 641 647 651 655 660 665 668 683 685 691 693 697
7,6,CG-MOACO,area_s5_t100,0.028901734104046284,812.8314888615126,0.4,1 12 14 19 32 33 41 53 61 74 85 97 100 101 109 111 124 131 136 148 151 160 164 190 194 203 205 209 213 215 221 223 227 245 259 262 268 269 299 305 310 311 320 325 327 329 339 352 360 365 369 375 380 391 395 411 412 423 425 434 438 440 444 461 465 467 474 479 500 504 527 529 536 545 554 556 558 568 586 588 592 594 596 610 625 629 641 651 655 660 668 670 678 685 697 700
7,7,CG-MOACO,area_s5_t100,0.007225433526011571,795.367168925182,1.469693845669907,1 14 19 26 32 33 41 45 53 68 70 74 76 80 83 85 97 100 101 109 124 131 145 148 151 161 164 190 194 201 203 206 209 213 222 245 251 262 268 269 276 291 299 311 313 320 322 325 329 338 353 358 362 369 375 391 395 399 412 423 424 425 434 438 440 444 451 453 461 472 477 518 523 527 529 536 540 545 556 558 568 586 594 596 607 614 622 625 641 646 651 655 660 668 678 693 695 697 700
7,8,CG-MOACO,area_s5_t100,0.0,831.6692168113163,0.0,1 14 19 26 41 45 53 61 66 70 76 83 85 97 101 106 119 125 131 136 145 148 151 161 164 168 174 176 186 190 194 201 203 213 222 242 245 251 262 268 281 291 299 311 313 320 322 325 329 353 354 362 369 372 375 391 395 400 411 412 425 434 438 440 444 451 453 461 474 477 480 518 525 527 529 540 545 554 556 558 563 568 591 594 607 624 625 629 639 641 643 647 651 655 660 668 678 691 697 700
7,9,CG-MOACO,area_s5_t100,0.0,811.4360744968924,1.0954451150103321,1 14 22 27 29 32 33 41 45 53 68 70 72 76 85 97 100 119 124 129 131 136 145 148 151 158 164 176 181 187 190 194 201 203 205 210 213 243 245 251 262 281 291 299 311 313 320 322 325 354 360 362 365 369 375 391 394 395 400 411 412 424 425 434 438 440 444 449 461 472 477 480 518 523 525 527 529 540 545 556 558 568 588 594 614 622 625 639 641 643 647 651 653 655 660 668 691 695 697 700
7,10,CG-MOACO,area_s5_t100,0.01589595375722541,796.7988983661137,0.4898979485566356,1 14 26 29 32 33 41 53 61 68 70 76 80 85 97 100 101 115 119 124 145 148 151 158 161 164 186 188 190 194 203 205 209 213 215 245 247 251 262 268 281 291 299 311 315 320 322 325 336 341 360 362 365 369 375 378 391 395 411 412 424 425 434 438 440 451 461 473 479 497 512 518 525 527 529 539 545 556 558 568 578 592 594 607 609 625 639 641 647 651 655 668 685 691 692 695 697 700
7,11,CG-MOACO,area_s5_t100,0.023121387283236983,770.4606110724105,1.4966629547095767,1 9 14 18 27 29 32 33 41 53 70 74 76 85 97 100 119 124 131 148 151 161 176 189 194 201 203 205 209 213 215 221 223 245 251 262 268 291 299 311 313 320 322 325 329 350 360 362 365 369 375 391 394 395 400 411 412 423 424 425 438 440 451 461 472 473 477 479 512 517 518 523 525 527 529 540 545 556 558 566 568 578 581 594 607 609 622 625 641 647 651 655 668 691 695 697 700
7,12,CG-MOACO,area_s5_t100,0.023121387283236983,782.3803476357034,1.019803902718557,1 12 14 19 32 33 41 46 53 61 66 85 97 100 101 109 115 124 131 136 145 148 151 160 164 171 176 190 194 203 213 219 222 230 245 251 262 268 281 299 305 311 313 320 322 325 329 352 354 362 365 372 375 391 395 398 400 411 412 424 425 434 438 440 461 467 472 477 480 481 501 518 523 527 529 545 556 558 568 588 594 614 624 625 629 641 643 647 651 655 660 668 685 691 695 697 700
7,13,CG-MOACO,area_s5_t100,0.007225433526011571,801.9399498352949,1.16619037896906,1 12 14 19 26 33 41 53 61 63 72 74 76 85 97 100 124 131 136 145 148 151 161 164 174 176 188 190 194 203 209 211 213 223 227 233 245 251 262 268 299 311 313 320 322 325 327 341 352 360 362 365 369 375 391 395 398 399 411 412 423 424 434 438 440 444 449 451 453 461 473 477 480 518 523 525 527 529 545 554 558 564 568 594 607 610 625 639 641 651 655 660 668 678 685 691 697 698 700
7,14,CG-MOACO,area_s5_t100,0.0,813.5738903606766,0.8944271909999159,1 26 33 41 44 53 61 66 70 72 74 85 97 100 101 109 124 131 136 145 148 151 152 158 161 164 174 190 194 197 201 203 206 213 233 245 251 262 268 269 281 293 299 310 311 313 320 322 329 349 360 362 365 369 373 375 378 391 395 411 412 425 434 438 440 444 449 451 461 472 473 477 500 518 523 527 529 536 545 558 563 568 594 596 607 609 625 639 641 643 647 651 668 678 683 685 695 697 698 700
7,15,CG-MOACO,area_s5_t100,0.0,802.5498132051398,2.1908902300206643,1 12 14 19 26 33 41 45 53 74 76 85 97 100 101 109 115 125 131 145 148 151 161 164 174 176 187 190 194 203 206 209 213 215 222 227 245 251 262 268 276 299 306 311 313 320 322 325 341 349 352 363 365 369 375 391 395 398 411 412 423 424 425 434 438 440 451 453 461 472 473 477 479 484 512 518 523 527 529 539 545 556 558 568 578 594 607 625 639 641 643 651 655 660 668 685 691 695 697 700
7,16,CG-MOACO,area_s5_t100,0.0,818.3069894392115,0.6324555320336759,1 14 19 26 41 53 61 66 70 74 76 85 97 100 101 109 124 131 136 148 151 161 164 174 176 187 190 194 203 205 213 215 221 245 247 251 262 268 277 291 299 311 313 320 325 336 341 360 363 365 369 375 379 394 395 398 400 411 412 423 425 428 434 438 440 451 453 461 465 474 480 512 516 527 529 540 545 554 556 563 568 578 586 591 594 607 609 610 625 629 641 643 647 651 655 668 677 691 697 700
7,17,CG-MOACO,area_s5_t100,0.01589595375722541,787.8634006139033,1.3564659966250536,1 12 14 29 33 41 53 61 66 72 74 85 97 100 110 119 121 124 131 132 145 148 151 158 162 164 174 176 190 194 206 213 222 245 247 251 262 268 281 299 305 311 313 320 322 325 329 341 352 363 365 369 372 375 378 391 394 395 412 424 425 434 438 440 451 461 466 472 473 477 480 499 501 518 525 529 545 554 556 558 568 579 586 594 609 621 625 629 641 643 647 651 655 668 685 691 696 700
7,18,CG-MOACO,area_s5_t100,0.0,810.6174439674905,1.2649110640673518,1 14 19 26 32 33 41 46 53 61 66 70 85 97 100 101 109 116 125 131 145 148 151 161 164 176 190 194 203 213 227 230 233 245 251 262 268 276 291 299 307 311 313 320 322 324 329 341 353 354 360 362 365 375 391 394 398 400 411 412 423 425 434 438 440 444 451 453 461 472 477 479 500 518 527 528 545 554 556 558 563 568 594 607 614 624 625 629 639 641 643 651 655 660 668 670 685 691 697 700
7,19,CG-MOACO,area_s5_t100,0.007225433526011571,813.1165710432447,0.4,14 19 27 32 33 35 41 46 53 61 70 83 85 97 98 100 119 125 131 136 148 151 161 164 176 190 194 203 205 209 211 213 221 227 230 245 251 262 268 280 285 291 299 310 311 320 322 325 329 341 354 360 362 375 391 394 395 411 412 423 425 434 438 440 451 456 474 477 479 496 500 512 523 525 527 529 545 556 558 563 568 578 586 594 607 610 625 641 643 651 655 660 668 683 685 691 695 697 700
7,20,CG-MOACO,area_s5_t100,0.017341040462427793,794.9890516928147,0.8,14 27 29 32 33 35 41 53 62 66 70 74 76 85 97 100 119 124 131 132 140 148 151 161 176 186 190 194 201 203 213 221 222 223 227 230 245 251 262 268 291 299 311 313 320 322 325 329 349 362 365 372 375 378 382 391 394 395 399 412 423 425 428 434 438 440 451 474 477 480 484 496 518 523 525 527 529 545 556 558 563 568 578 581 586 594 607 609 625 641 651 655 668 685 691 695 697 700
7,21,CG-MOACO,area_s5_t100,0.00867052023121384,799.3640056444323,0.7483314773547883,12 14 26 29 32 33 41 53 63 68 74 76 85 97 100 109 124 131 132 140 145 148 151 160 164 176 181 190 194 203 209 213 223 230 233 239 251 262 278 281 299 311 320 322 325 329 338 341 352 353 360 362 365 375 382 395 408 412 425 434 438 440 441 444 449 451 456 461 472 477 518 521 523 527 529 536 540 545 556 563 568 594 609 614 622 625 639 641 647 651 655 668 677 678 683 691 695 697 700
7,22,CG-MOACO,area_s5_t100,0.023121387283236983,793.9217459204408,0.4898979485566356,3 14 19 32 35 41 53 61 70 72 74 76 80 83 85 97 100 109 124 131 140 148 151 161 164 176 190 194 203 205 209 213 221 245 251 259 262 268 276 291 299 304 311 313 320 322 325 327 329 336 341 362 369 375 391 395 398 411 412 424 425 434 438 440 444 449 453 467 472 480 518 527 529 540 545 554 556 558 568 588 591 594 614 625 629 641 647 651 655 660 665 668 670 678 691 697 700
7,23,CG-MOACO,area_s5_t100,0.0,796.1683173453096,2.6076809620810595,1 12 14 19 26 33 41 45 53 61 66 72 74 76 85 97 100 101 109 115 124 126 131 136 148 151 161 164 174 176 177 190 194 203 213 221 222 245 251 262 268 299 311 313 320 325 329 341 349 352 365 369 372 375 391 395 398 400 411 412 423 424 425 434 438 440 444 449 451 453 472 473 477 480 504 518 523 527 529 554 556 558 566 568 594 604 607 624 625 641 643 647 651 655 660 668 685 691 697 700
7,24,CG-MOACO,area_s5_t100,0.007225433526011571,797.8968119111832,1.32664991614216,1 14 19 27 32 33 41 53 61 70 76 85 97 100 109 124 131 136 145 148 151 161 164 168 176 190 194 201 203 205 209 213 215 245 251 262 268 281 291 299 311 313 320 322 325 329 354 360 362 365 369 375 378 391 394 411 412 424 425 434 438 440 451 453 461 472 473 477 512 518 523 527 529 536 539 545 554 556 558 568 578 594 607 609 619 625 629 639 641 643 647 652 655 668 680 685 691 697 700
7,25,CG-MOACO,area_s5_t100,0.007225433526011571,777.7475573093678,2.227105745132009,1 14 19 27 32 33 41 46 47 53 66 70 74 85 97 100 119 124 131 136 145 148 151 161 164 176 190 194 203 206 211 213 223 233 245 251 262 268 291 299 311 313 320 324 338 341 360 362 365 369 373 375 379 391 395 411 412 423 424 425 434 438 440 444 449 451 453 461 465 472 496 499 523 525 527 529 540 545 554 556 558 568 594 607 614 618 622 625 639 641 647 651 660 668 678 683 691 697 700
7,26,CG-MOACO,area_s5_t100,0.030346820809248554,777.0492213753556,1.469693845669907,1 14 18 27 29 32 33 41 45 53 61 66 70 74 76 85 97 100 119 124 131 145 148 151 152 161 164 176 190 194 203 206 211 213 215 223 245 251 262 267 274 281 299 311 313 320 322 325 329 341 360 362 365 369 375 391 394 395 400 411 412 424 434 438 440 444 451 461 472 477 480 502 518 523 525 529 545 554 558 564 568 594 607 614 625 641 646 651 655 660 668 673 685 691 696 700
7,27,CG-MOACO,area_s5_t100,0.017341040462427793,794.6211959054078,1.019803902718557,1 14 18 27 29 32 33 41 45 53 61 70 74 76 85 97 109 115 124 131 145 148 151 161 164 168 190 194 203 209 211 213 215 223 233 242 245 251 259 268 269 281 291 299 311 313 320 322 325 329 338 341 360 362 365 369 375 391 395 411 412 424 425 434 438 440 451 461 473 477 501 518 523 527 529 536 545 554 556 558 568 594 596 607 610 624 625 641 647 651 655 660 665 668 685 687 697 700
7,28,CG-MOACO,area_s5_t100,0.0,794.4336666454002,2.756809750418044,1 14 26 32 41 45 53 66 70 76 85 97 100 101 109 124 131 136 137 145 148 151 161 164 190 194 201 203 206 211 213 223 233 245 251 262 268 269 281 291 299 311 313 320 322 325 329 354 360 362 365 369 375 391 394 395 398 400 411 412 424 425 434 438 440 441 449 451 453 461 466 472 477 480 484 496 518 522 523 527 529 545 554 556 568 578 591 594 596 614 625 639 642 647 651 655 660 685 697 700
8,0,CG-MOACO,area_s5_t100,0.037572254335260125,815.7004521750166,0.0,0 19 27 32 33 41 45 53 68 70 74 76 83 85 97 109 111 124 136 148 151 162 164 172 190 192 194 201 203 205 209 213 221 236 239 242 268 269 293 299 317 320 325 329 336 346 353 360 363 369 379 391 394 395 398 402 411 423 426 434 438 440 444 451 452 456 461 479 521 524 527 540 545 553 556 558 563 594 604 607 610 622 641 643 647 651 653 655 668 675 684 692 694 697 700
8,1,CG-MOACO,area_s5_t100,0.023121387283236983,784.4675416860856,1.624807680927192,1 12 33 41 46 53 56 68 74 80 85 97 100 101 109 111 124 131 137 148 151 158 163 172 174 181 190 192 194 199 204 213 221 222 239 266 299 313 316 318 320 325 329 344 346 352 353 363 365 369 375 391 395 398 400 402 408 411 423 424 426 434 436 438 440 447 450 454 479 483 488 500 518 524 529 533 554 556 568 577 578 588 594 604 610 641 647 651 655 667 668 673 685 691 694 697 700
8,2,CG-MOACO,area_s5_t100,0.0,861.0106980892074,0.0,1 32 33 41 45 47 53 56 61 68 70 74 76 77 83 85 97 100 101 109 144 148 151 164 176 181 186 189 192 201 203 213 215 233 239 259 262 265 276 278 281 290 291 297 299 305 310 311 313 320 322 360 362 369 375 390 391 394 395 411 425 436 438 441 442 444 449 461 468 476 480 518 524 527 529 536 545 546 552 556 563 568 588 594 624 625 626 641 643 647 651 655 667 668 685 691 692 695 697 700
8,3,CG-MOACO,area_s5_t100,0.024566473988439252,786.4689085474448,0.8,1 33 41 46 53 56 61 68 70 74 80 83 85 97 100 101 115 119 124 131 143 144 148 160 164 172 174 181 187 190 194 209 213 221 233 245 251 260 269 277 281 291 299 305 310 313 320 322 338 341 360 369 373 375 391 402 408 411 424 434 436 438 440 441 461 468 486 496 500 504 518 524 525 527 529 545 554 556 571 586 588 594 595 610 615 621 625 641 647 651 660 668 680 685 694 696 700
8,4,CG-MOACO,area_s5_t100,0.0,840.1670856142372,0.6324555320336759,1 29 32 33 38 42 53 63 70 74 79 80 82 83 85 97 100 109 115 124 131 144 148 151 160 164 172 181 184 190 194 201 203 209 213 221 233 245 251 276 278 281 291 299 305 306 313 315 322 329 336 346 350 353 369 373 375 395 402 408 411 424 425 434 436 438 440 441 444 468 479 484 500 518 520 524 529 536 545 552 556 567 588 594 598 610 615 641 647 651 660 668 673 677 683 685 691 695 697 700
8,5,CG-MOACO,area_s5_t100,0.024566473988439252,780.0727638083862,2.5768197453450252,1 4 14 26 32 33 38 41 53 61 70 74 83 85 97 100 101 111 115 116 121 131 137 144 148 151 164 181 184 190 194 199 203 209 213 221 223 233 239 246 262 291 299 300 307 311 313 315 322 325 329 336 360 362 375 398 408 411 423 424 434 438 440 444 451 454 461 479 487 496 500 509 518 524 525 529 530 543 545 553 594 610 615 625 629 641 647 651 655 667 673 685 691 694 697 698 700
8,6,CG-MOACO,area_s5_t100,0.014450867052023142,787.9464312459027,1.2,1 12 14 27 32 33 41 46 53 68 74 85 88 97 109 111 124 131 137 144 148 150 151 164 172 176 177 187 190 192 194 203 213 215 221 233 239 242 268 276 299 300 313 320 322 325 341 352 360 362 365 369 375 391 394 395 398 400 402 406 411 423 424 425 438 440 441 444 451 453 478 479 484 487 500 518 527 529 554 568 594 607 610 625 626 641 643 647 655 665 667 668 670 685 691 694 696 700
8,7,CG-MOACO,area_s5_t100,0.0,812.7963459470654,0.8944271909999159,1 19 32 33 41 46 53 56 70 74 85 97 100 101 109 115 124 131 136 144 148 151 162 164 172 176 181 190 192 194 201 203 209 213 215 221 233 239 251 259 291 299 305 313 320 322 325 329 349 360 362 365 369 373 375 391 395 402 408 411 423 424 426 434 436 438 440 444 452 461 479 484 487 500 518 524 527 536 545 554 558 568 586 588 594 610 625 641 643 647 651 667 668 675 685 690 694 697 698 700
8,8,CG-MOACO,area_s5_t100,0.052023121387283267,771.3371064772277,1.019803902718557,1 18 27 32 33 41 46 53 61 68 70 74 83 85 93 97 109 115 124 148 151 162 164 181 187 190 194 203 209 213 215 221 222 239 242 251 262 269 276 281 293 299 310 311 315 320 325 336 340 369 372 373 391 395 398 408 411 414 425 434 438 440 444 456 461 479 487 500 504 518 524 527 529 545 558 588 594 604 610 615 625 641 643 647 651 667 668 683 685 692 694 696 700
8,9,CG-MOACO,area_s5_t100,0.007225433526011571,798.5982008486417,0.7483314773547883,1 12 32 33 41 46 53 56 68 74 85 97 100 101 115 119 124 127 131 136 137 148 160 164 176 188 190 191 194 201 203 209 213 214 221 223 239 251 262 274 281 293 297 299 305 310 311 313 320 322 325 337 360 363 369 375 391 400 408 411 424 425 434 438 441 444 449 451 461 487 496 500 506 518 524 525 527 529 540 552 568 571 594 607 610 622 625 641 647 651 653 655 667 668 681 691 695 697 700
8,10,CG-MOACO,area_s5_t100,0.007225433526011571,819.2168151421811,0.4,1 12 14 19 32 33 41 46 53 68 74 83 85 93 97 101 109 124 131 136 148 151 162 164 172 176 181 187 189 201 203 213 215 221 222 223 242 245 251 279 284 297 299 305 310 318 320 322 325 336 352 363 369 372 373 391 395 402 408 411 423 424 425 434 438 444 479 485 488 500 518 523 527 529 536 545 553 556 558 586 588 592 594 610 615 617 624 625 641 647 651 660 668 678 683 685 690 694 697
8,11,CG-MOACO,area_s5_t100,0.03179190751445082,774.5048496833981,0.9797958971132712,0 18 27 32 33 41 53 55 61 68 70 74 76 83 85 97 109 115 124 137 148 151 162 164 172 177 181 187 190 192 203 209 213 215 221 222 223 239 242 251 281 284 293 299 313 315 325 327 341 369 372 373 375 395 398 402 408 411 424 425 434 438 440 451 454 463 477 480 487 504 518 524 527 529 530 545 554 555 568 578 594 604 610 625 641 647 651 667 668 683 685 690 692 694 697 700
8,12,CG-MOACO,area_s5_t100,0.01589595375722541,785.0536056439672,2.0591260281974,1 4 14 19 32 33 41 46 53 68 70 74 83 85 93 97 101 111 115 119 124 131 144 148 151 160 164 181 192 194 199 203 209 213 221 223 233 242 245 262 266 291 299 305 311 313 315 318 320 322 325 329 336 357 360 362 369 373 395 408 411 423 424 434 437 440 444 451 452 479 484 487 496 518 522 524 525 527 529 530 554 558 568 594 610 613 625 641 647 651 660 683 685 691 694 697 698 700
8,13,CG-MOACO,area_s5_t100,0.007225433526011571,796.9471038905577,2.4819347291981715,0 12 14 27 32 33 41 46 53 55 68 74 80 83 85 88 97 109 115 124 131 144 148 151 162 164 172 181 190 192 203 213 221 233 242 245 251 276 278 281 299 310 313 317 320 325 329 337 340 352 353 360 362 369 373 375 391 395 398 400 402 408 411 424 425 434 438 440 441 451 461 477 484 487 500 518 524 527 529 545 554 555 568 579 594 604 610 625 626 641 647 660 665 668 685 691 694 696 700
8,14,CG-MOACO,area_s5_t100,0.014450867052023142,807.0374042956176,0.4898979485566356,1 19 32 33 41 46 53 56 61 68 70 74 80 85 97 100 101 109 115 148 151 152 160 164 172 181 187 190 192 194 201 203 213 221 239 251 265 274 276 281 293 299 305 310 313 320 325 353 360 362 365 369 373 375 391 395 400 402 408 424 425 434 437 440 444 451 461 479 487 500 518 524 527 529 536 545 554 558 568 594 595 604 610 625 626 641 647 651 653 667 668 685 691 692 693 694 697 700
8,15,CG-MOACO,area_s5_t100,0.023121387283236983,791.7415172138273,0.4898979485566356,1 14 26 29 33 41 46 53 70 74 80 83 85 97 100 101 109 115 124 131 144 148 151 158 162 164 172 174 181 187 192 194 203 213 215 221 233 239 251 269 291 299 313 315 320 325 336 340 349 360 363 369 375 391 395 398 400 408 411 423 424 425 434 437 440 444 451 461 479 484 487 500 518 524 527 545 554 558 568 594 604 610 613 625 626 641 647 651 655 667 668 675 685 687 694 696 700
8,16,CG-MOACO,area_s5_t100,0.028901734104046284,780.0411765956833,0.4,1 19 26 32 33 41 45 53 56 68 70 74 76 80 85 97 100 101 109 124 148 151 160 164 181 190 194 201 203 204 205 209 213 215 221 239 251 262 276 281 291 299 311 315 320 322 329 360 365 369 375 391 395 398 400 408 411 412 426 434 436 438 440 444 452 456 461 468 479 504 518 523 527 529 545 556 558 567 588 594 610 615 625 641 647 651 655 667 668 678 685 691 692 695 697 700
8,17,CG-MOACO,area_s5_t100,0.021676300578034713,792.342876840053,0.8,1 27 30 32 33 41 46 53 70 74 80 83 85 97 109 111 115 124 148 151 164 176 187 190 192 194 199 203 209 213 215 221 222 239 242 259 276 278 281 284 291 299 300 306 310 313 320 325 336 362 369 375 391 395 398 402 408 411 424 425 434 436 438 440 441 444 451 461 479 484 487 500 518 524 527 529 545 554 568 594 604 607 610 625 629 641 647 651 655 667 668 685 691 692 694 696 700
9,0,CG-MOACO,area_s5_t100,0.07658959537572252,830.7943460821016,0.0,13 26 29 42 51 55 60 61 80 83 89 97 114 116 122 127 129 133 151 160 174 186 189 207 210 215 220 227 230 234 240 242 251 252 260 271 293 308 311 313 321 327 329 341 354 356 360 362 375 387 388 389 409 419 422 424 427 431 434 437 440 459 468 479 487 492 495 503 512 517 522 540 561 575 579 582 585 591 594 598 605 631 649 667 674 682 689 692 696 700
9,1,CG-MOACO,area_s5_t100,0.030346820809248554,805.5849734808577,0.4,4 9 12 14 27 28 31 33 41 46 47 53 55 87 97 100 105 124 130 148 151 160 174 183 186 190 195 197 200 204 215 221 222 223 224 245 260 266 281 299 313 320 342 348 352 357 365 373 375 382 386 390 392 402 408 411 416 422 438 440 441 444 446 449 452 474 487 491 507 516 518 525 529 533 534 540 551 568 594 596 598 604 625 631 634 642 649 651 653 673 682 690 695 697 699 700
9,2,CG-MOACO,area_s5_t100,0.0,851.3254379775422,0.0,1 12 14 27 29 33 41 53 55 66 68 83 85 97 109 121 124 127 129 136 148 151 158 161 164 172 174 190 197 203 213 221 222 227 229 236 242 245 251 254 281 284 299 313 315 322 329 341 352 353 354 357 362 372 382 387 395 398 402 411 424 427 434 438 440 444 449 451 460 468 470 472 477 487 518 522 529 540 549 554 568 594 600 606 614 622 625 642 643 651 655 660 673 677 691 694 697 698 699 700
9,3,CG-MOACO,area_s5_t100,0.007225433526011571,841.2585397532035,0.4,1 5 14 21 27 28 41 46 47 53 66 70 80 97 100 119 120 124 127 129 144 148 151 164 174 186 190 194 197 199 213 215 221 227 236 245 254 261 262 276 291 299 311 313 315 320 322 324 349 360 361 362 365 369 373 388 390 395 411 412 424 434 437 440 441 444 449 452 460 478 487 500 516 518 520 522 524 529 549 554 561 568 591 594 607 614 621 622 625 634 649 651 653 673 677 691 697 699 700
9,4,CG-MOACO,area_s5_t100,0.040462427745664775,773.0877024692195,1.2649110640673518,1 18 28 33 36 41 46 47 53 55 70 88 97 109 124 130 133 135 151 160 164 166 174 186 189 203 204 209 213 215 219 221 223 227 242 245 262 266 293 299 311 313 315 320 322 325 341 360 362 365 369 373 375 387 395 398 399 408 411 423 424 427 428 434 438 440 444 452 477 480 487 491 508 518 520 529 533 568 585 594 606 614 625 634 642 660 668 673 677 685 691 695 697 699 700
9,5,CG-MOACO,area_s5_t100,0.023121387283236983,801.5550721758076,0.4898979485566356,1 7 14 19 27 28 33 36 41 53 61 66 70 80 83 97 100 124 127 129 151 161 164 174 176 186 190 194 199 203 213 222 227 243 245 251 252 254 277 291 299 313 320 322 324 327 329 353 358 362 369 375 387 395 398 399 402 411 424 427 434 438 440 444 450 452 467 477 479 487 492 500 525 529 540 549 554 561 568 590 594 614 625 634 642 649 651 653 655 660 662 668 673 691 694 697 700
9,6,CG-MOACO,area_s5_t100,0.044797687861271696,783.0095398909802,0.4,1 12 14 26 33 41 46 53 55 66 68 74 80 85 89 97 100 124 129 151 158 160 164 174 186 190 203 213 215 220 227 230 245 251 252 254 260 262 281 313 315 320 322 325 329 341 352 357 360 362 365 373 375 382 387 395 411 424 427 434 438 440 444 451 452 477 479 487 518 525 527 529 540 545 554 565 575 590 594 598 615 622 625 642 653 660 668 682 691 692 694 697 699 700
9,7,CG-MOACO,area_s5_t100,0.0,799.9598650855531,2.6832815729997477,1 2 12 14 18 26 28 31 33 41 46 53 55 61 68 74 83 85 87 97 100 109 120 124 129 148 151 161 164 174 177 190 200 203 209 213 221 222 227 245 251 254 262 276 284 299 313 315 320 322 324 329 352 353 357 362 372 375 387 389 395 398 406 411 424 427 434 438 440 444 449 452 472 477 480 487 503 518 529 549 554 568 594 607 614 625 643 651 655 660 665 668 677 685 691 694 697 698 699 700
9,8,CG-MOACO,area_s5_t100,0.014450867052023142,808.6255683867677,0.4898979485566356,1 19 27 33 41 46 53 55 61 66 70 74 80 85 87 97 100 109 124 145 148 151 152 160 164 174 186 188 189 203 215 219 220 227 245 251 254 262 276 281 293 299 311 313 315 320 322 325 341 360 362 365 375 382 387 398 400 406 408 424 427 434 438 440 444 451 452 477 479 487 492 493 517 518 527 529 534 554 568 594 598 607 614 625 641 651 655 668 677 685 691 692 693 694 697 698 699 700
9,9,CG-MOACO,area_s5_t100,0.0,807.4887218832589,0.6324555320336759,1 5 14 21 27 33 42 46 53 55 66 70 74 80 97 100 124 127 131 148 151 164 174 190 197 203 211 213 219 221 222 227 236 245 251 254 262 273 276 284 291 299 311 313 315 320 324 329 341 353 362 365 369 372 395 398 400 408 411 423 424 434 438 440 441 444 449 451 452 471 477 487 508 518 522 524 525 527 529 540 568 594 598 604 606 614 622 625 642 651 655 660 665 677 691 694 697 698 699 700
9,10,CG-MOACO,area_s5_t100,0.01589595375722541,786.7519674324192,1.8547236990991407,1 7 12 14 18 27 28 33 36 41 46 47 53 55 68 74 83 97 100 124 127 129 151 164 174 190 195 199 203 209 213 221 222 223 227 230 245 251 254 260 281 284 299 313 315 320 322 325 352 353 357 362 373 375 382 387 395 398 402 411 424 427 434 438 440 442 444 449 452 467 472 480 487 518 525 527 529 540 549 551 554 568 590 594 614 622 625 641 648 651 660 668 677 691 697 698 699 700
9,11,CG-MOACO,area_s5_t100,0.014450867052023142,793.8719028707234,1.4966629547095767,1 12 14 19 21 27 32 33 41 46 47 53 55 74 80 85 97 109 124 127 131 148 151 164 172 190 203 209 213 215 221 222 227 236 242 245 251 254 260 276 281 284 299 313 315 321 322 325 341 352 357 362 365 369 372 373 395 398 402 408 411 424 427 434 438 440 444 449 451 452 472 478 480 487 491 518 524 527 529 540 554 568 594 598 614 622 625 642 651 660 665 668 677 691 694 696 699 700
9,12,CG-MOACO,area_s5_t100,0.01589595375722541,803.7917593897242,0.4898979485566356,1 7 12 14 18 27 28 31 33 41 46 47 53 55 74 97 109 124 133 151 160 164 174 186 190 199 203 213 223 227 230 233 242 245 251 252 254 260 299 313 315 320 325 348 352 353 357 360 362 365 375 382 386 395 398 402 408 411 423 424 427 434 438 440 444 449 452 477 480 487 491 508 518 527 529 540 545 549 568 594 598 605 607 614 622 625 639 641 651 655 660 668 691 695 697 698 699 700
9,13,CG-MOACO,area_s5_t100,0.021676300578034713,794.0172473376738,0.8,1 12 14 27 33 41 46 53 55 61 68 74 83 85 97 100 124 127 136 148 151 164 174 190 197 199 209 213 215 219 221 222 223 227 236 245 251 254 262 281 283 284 299 311 313 315 320 322 329 352 362 369 373 388 395 398 408 411 412 424 434 438 440 441 442 444 450 451 452 468 472 477 487 518 524 529 539 549 554 568 594 598 614 621 625 642 651 660 668 673 677 685 691 697 698 699 700
9,14,CG-MOACO,area_s5_t100,0.0,805.3901852095038,1.6733200530681511,1 12 14 19 21 27 28 33 42 46 53 55 66 74 83 97 100 109 124 131 136 148 151 164 174 176 186 190 203 211 213 215 221 222 223 227 230 245 251 254 260 262 284 299 311 313 320 322 324 329 341 352 357 362 372 373 375 382 395 398 406 408 411 412 423 424 427 434 438 440 444 449 452 460 477 480 487 508 518 524 529 540 568 594 607 614 622 625 641 651 660 668 673 677 691 695 697 698 699 700
9,15,CG-MOACO,area_s5_t100,0.021676300578034713,791.7907428526704,1.4966629547095767,1 12 14 19 27 41 46 47 53 55 74 83 87 97 109 124 129 136 145 148 151 160 164 174 181 190 199 203 204 209 213 219 222 223 227 242 243 245 251 262 281 299 307 308 313 320 322 352 358 362 373 375 387 395 398 400 409 411 414 424 427 434 438 440 444 452 468 472 479 487 492 496 508 518 527 529 533 545 551 568 590 591 594 596 598 614 625 641 651 660 677 685 692 697 698 699 700
9,16,CG-MOACO,area_s5_t100,0.023121387283236983,774.2770759070488,1.3564659966250538,1 12 14 33 41 46 51 53 55 68 80 83 97 100 109 124 131 135 148 151 158 160 164 166 174 186 190 199 203 209 213 219 221 245 251 254 262 281 299 311 313 315 320 325 329 337 352 353 360 362 369 375 387 395 398 400 408 411 412 424 427 434 438 440 444 449 451 452 477 484 487 507 517 518 520 529 545 554 568 594 598 604 607 625 634 641 648 651 655 668 673 677 685 691 696 699 700
9,17,CG-MOACO,area_s5_t100,0.023121387283236983,776.4593452384422,1.019803902718557,1 14 27 28 29 41 46 53 55 66 70 74 80 97 100 109 124 127 129 145 148 151 158 160 164 168 174 190 199 203 213 220 227 245 251 254 260 262 273 281 291 299 313 315 320 322 329 353 360 362 365 369 375 395 398 411 412 424 427 434 438 440 444 468 472 477 479 487 491 500 508 518 524 527 529 540 568 590 591 594 598 606 614 622 625 642 651 655 660 668 677 691 692 697 698 699 700
9,18,CG-MOACO,area_s5_t100,0.007225433526011571,796.8112613380956,0.7483314773547883,1 12 14 19 33 41 47 53 55 66 68 74 87 97 100 109 121 124 131 136 148 151 160 164 167 174 186 189 199 203 213 219 220 223 227 245 251 254 262 281 299 311 313 315 320 322 325 327 352 353 360 362 365 375 382 395 398 408 411 424 427 434 438 440 444 449 451 452 477 480 487 518 524 527 529 540 545 554 566 568 594 598 606 614 622 625 642 649 651 655 660 668 677 691 694 697 698 699 700
9,19,CG-MOACO,area_s5_t100,0.01589595375722541,795.2796579318918,1.3564659966250536,1 4 14 26 33 41 46 47 53 55 70 74 85 97 100 109 124 129 131 135 151 161 164 174 190 197 199 203 209 213 215 222 227 230 245 251 252 254 261 262 271 291 299 311 313 315 320 322 324 357 358 362 365 373 375 382 395 398 399 423 424 428 434 438 440 441 444 450 451 452 461 471 477 487 491 518 524 529 545 554 568 594 607 614 622 625 641 643 651 653 660 668 673 691 694 697 699 700
10,0,CG-MOACO,area_s5_t100,0.0,837.0276549378914,0.0,1 2 14 31 36 38 41 46 53 62 70 74 81 97 109 118 129 131 135 136 148 151 164 167 174 190 194 198 201 203 209 211 213 215 222 223 227 238 242 251 284 291 299 300 306 310 313 317 322 329 336 359 369 373 375 394 395 400 411 412 424 425 434 438 439 441 444 451 468 471 484 500 506 508 518 527 529 543 545 553 568 591 594 607 614 625 641 651 653 665 667 668 670 676 685 687 691 697 699 700
10,1,CG-MOACO,area_s5_t100,0.007225433526011571,803.6598191890201,0.4,1 14 22 29 33 35 41 46 47 53 70 72 77 81 85 97 101 119 120 136 148 151 164 167 174 176 179 190 194 199 203 213 222 223 227 242 245 251 254 262 281 290 291 299 313 322 325 336 337 347 350 365 369 375 391 395 408 411 412 416 424 425 438 440 441 444 449 451 472 484 487 500 518 524 525 527 529 543 545 553 568 590 594 607 614 625 634 641 651 653 655 660 668 685 691 692 697 699 700
10,2,CG-MOACO,area_s5_t100,0.021676300578034713,781.6980050969187,0.4898979485566356,1 3 14 33 36 41 46 47 53 70 72 91 97 100 101 119 120 124 136 148 151 160 164 167 174 190 194 199 203 209 213 217 222 223 227 230 239 251 286 291 299 310 311 313 317 322 325 337 350 358 362 365 375 394 395 407 411 412 424 425 434 438 440 441 449 451 463 477 484 487 500 508 524 525 527 529 545 578 594 607 611 614 625 641 651 662 667 668 676 685 687 691 692 695 697 699 700
10,3,CG-MOACO,area_s5_t100,0.030346820809248554,772.400283899468,0.9797958971132712,1 2 18 22 41 46 53 61 68 70 72 77 81 87 97 109 129 131 133 148 151 164 167 174 190 194 199 203 209 213 217 222 223 227 242 245 251 260 286 291 299 310 311 313 317 320 322 325 329 336 338 365 372 373 375 391 394 395 411 424 427 434 436 438 440 449 451 487 500 508 518 524 527 529 536 543 545 566 578 591 594 598 607 611 614 625 641 651 660 668 685 687 691 697 699 700
10,4,CG-MOACO,area_s5_t100,0.014450867052023142,788.009019313609,0.4898979485566356,1 2 41 46 53 70 72 74 77 81 85 97 100 101 109 120 127 131 136 148 151 164 167 174 176 179 190 194 199 203 211 222 223 227 239 251 262 264 268 291 299 300 310 313 322 329 336 338 347 365 369 370 373 375 391 393 395 411 412 424 425 434 436 438 440 441 451 468 472 484 487 493 500 512 524 527 529 536 554 565 568 578 590 591 594 598 607 614 625 641 662 667 668 685 691 697 699 700
10,5,CG-MOACO,area_s5_t100,0.007225433526011571,775.415632147749,1.16619037896906,1 14 33 41 46 47 53 70 77 85 91 97 100 101 120 125 131 136 148 151 164 167 174 176 179 181 190 194 199 203 211 213 222 223 225 227 245 251 262 281 291 299 300 310 311 313 322 325 347 365 369 370 375 391 395 398 408 411 424 425 434 438 440 441 444 449 460 472 477 484 487 496 500 524 525 527 529 545 552 566 568 588 594 614 619 625 634 641 660 662 668 678 685 691 695 697 698 699 700
10,6,CG-MOACO,area_s5_t100,0.047687861271676346,758.138471220027,1.9390719429665317,1 2 12 14 33 41 46 47 53 63 74 85 100 119 123 132 148 151 164 167 172 174 177 179 190 194 199 203 213 222 223 227 245 251 260 269 284 299 300 306 313 317 325 336 338 347 350 352 362 365 369 373 375 393 395 408 412 424 427 434 438 440 451 452 465 472 484 496 500 501 525 527 529 531 543 545 554 568 594 607 614 625 641 651 660 661 662 668 670 685 692 697 699 700
10,7,CG-MOACO,area_s5_t100,0.01589595375722541,772.7786272797315,1.9595917942265424,1 2 14 33 35 41 46 53 62 70 74 81 85 97 100 119 120 131 136 148 151 164 167 174 176 190 192 194 199 203 213 222 223 227 236 245 251 262 284 291 299 300 310 311 313 322 325 329 338 347 365 369 372 391 395 408 411 412 424 425 434 438 440 441 451 463 472 477 484 496 500 501 518 522 524 525 527 529 543 545 556 568 578 586 594 607 625 629 641 651 655 660 685 691 695 697 699 700
10,8,CG-MOACO,area_s5_t100,0.0,783.6389676113431,1.2649110640673518,1 2 14 28 33 35 41 46 53 63 70 81 97 100 118 120 123 128 131 136 148 151 164 167 174 190 194 199 203 213 217 219 222 223 227 245 251 269 284 291 299 300 306 310 313 322 325 329 338 347 350 359 365 369 373 375 393 395 411 412 424 425 434 438 440 441 463 472 477 484 496 508 512 524 525 527 529 543 545 556 568 578 590 594 596 607 614 625 641 651 660 662 665 668 676 685 695 697 699 700
10,9,CG-MOACO,area_s5_t100,0.014450867052023142,781.7113974199511,1.019803902718557,1 2 14 22 33 35 41 46 53 62 70 81 85 97 100 101 119 120 129 131 136 148 151 164 167 174 179 181 190 192 194 199 203 211 213 222 223 227 245 251 291 299 310 311 313 317 322 325 329 336 337 347 365 369 375 391 393 395 411 416 424 425 434 438 440 441 451 472 484 496 498 500 501 518 525 527 529 543 545 552 566 568 578 594 625 641 651 655 660 668 670 685 687 691 695 697 699 700
10,10,CG-MOACO,area_s5_t100,0.0,795.9288646966912,0.6324555320336759,1 14 28 33 35 41 46 47 53 62 70 72 74 81 85 97 101 119 131 136 148 151 164 167 174 176 190 194 201 203 211 222 223 227 242 245 251 254 260 264 281 291 299 300 306 310 311 313 322 325 338 347 359 365 369 375 391 395 408 411 412 424 425 434 438 440 441 463 467 472 477 484 493 500 512 525 527 529 545 556 557 566 568 578 594 614 625 641 651 655 660 662 668 670 685 687 691 695 697 700
10,11,CG-MOACO,area_s5_t100,0.030346820809248554,758.5984219039101,1.7204650534085253,1 2 33 36 41 43 46 47 53 63 70 74 80 81 85 97 100 107 119 120 122 131 145 148 151 158 164 174 190 194 199 203 209 222 227 230 239 251 264 291 299 300 310 311 313 317 320 322 338 350 359 365 370 375 393 395 408 411 412 424 427 434 436 438 440 449 451 472 484 493 496 500 525 527 529 531 545 568 578 584 594 607 614 618 625 641 655 662 667 668 685 691 695 697 699 700
10,12,CG-MOACO,area_s5_t100,0.0,791.033812117041,1.0954451150103321,1 2 14 28 33 35 41 46 53 63 70 77 81 85 97 100 119 128 131 136 148 151 164 167 174 176 179 190 194 203 211 213 217 222 223 227 236 245 251 260 262 284 290 291 299 300 310 311 313 322 325 329 338 341 347 365 369 372 391 394 395 411 424 425 438 440 441 449 472 484 496 500 525 527 529 543 545 552 553 556 568 578 594 607 614 618 625 641 651 655 660 662 665 668 670 685 691 697 699 700
10,13,CG-MOACO,area_s5_t100,0.037572254335260125,768.362058855394,1.0954451150103321,1 18 28 29 33 35 41 46 53 63 70 85 97 100 109 118 120 123 124 129 148 151 164 167 172 174 176 179 190 194 203 211 213 217 222 223 225 227 239 251 281 291 299 300 313 322 325 329 338 341 347 365 369 372 375 394 395 411 412 424 427 434 436 438 440 467 472 484 496 500 501 518 524 527 529 545 568 579 594 614 618 625 641 651 655 667 668 676 685 691 692 695 696 699 700
10,14,CG-MOACO,area_s5_t100,0.023121387283236983,772.9106955187991,1.019803902718557,1 2 14 18 35 41 46 53 70 74 81 97 101 119 120 127 131 134 148 151 167 174 176 179 190 194 203 211 213 222 223 227 236 239 242 254 262 291 299 300 313 322 329 338 341 347 358 365 369 373 390 391 395 408 411 412 424 427 434 438 440 451 452 468 472 477 484 487 496 500 508 512 518 525 527 529 543 568 578 581 586 590 591 594 607 614 625 641 651 667 668 670 685 691 697 699 700
10,15,CG-MOACO,area_s5_t100,0.014450867052023142,774.521514303173,1.4966629547095767,1 2 12 14 33 35 41 46 47 53 62 74 97 101 119 120 127 131 133 136 148 151 167 174 190 194 199 203 209 211 213 222 223 236 239 242 251 269 299 300 310 313 317 322 325 338 352 362 365 369 393 395 402 408 411 416 424 425 434 438 440 441 463 467 472 477 484 496 500 501 508 525 527 529 531 543 568 578 581 586 588 590 594 614 625 641 646 651 655 662 667 668 670 685 695 697 699 700
