node_id,task_id,sat_id,window_id,start,end,duration,profit,task_duration,coord_1,coord_2,roll,pitch,yaw,end_roll,end_pitch,end_yaw
0,0,1,0,56232.515,56462.861,230.3,8.0,27.0,48.7106,83.0587,-41.237,45.0,0.0,-42.45111499999997,37.71486500000018,0.0
1,0,1,1,73986.435,74210.117,223.7,8.0,27.0,48.7106,83.0587,-42.085,45.0,0.0,-42.85887499999994,38.02980500000069,0.0
2,1,1,0,38924.123,38986.513,62.4,6.0,22.0,34.0627,119.5414,45.0,-24.549,0.0,44.13058800000002,-33.134541999999854,0.0
3,4,1,0,44349.499,44551.672,202.2,5.0,18.0,24.2359,100.2937,-34.114,45.0,0.0,-35.116447000000186,39.44934199999882,0.0
4,4,1,1,80300.576,80330.904,30.3,5.0,18.0,24.2359,100.2937,43.326,45.0,0.0,44.35810400000005,40.29683999999973,0.0
5,5,1,0,80638.991,80664.69,25.7,7.0,18.0,11.3741,95.1998,-45.0,-38.001,0.0,-43.997522000000316,-43.088659999998576,0.0
6,6,1,0,38851.67,39013.736,162.1,8.0,29.0,33.3939,128.063,-13.46,45.0,0.0,-14.737139999999926,33.05967000000087,0.0
7,8,1,0,74414.001,74444.346,30.3,6.0,25.0,39.2546,97.2402,-45.0,-36.876,0.0,-43.7869469999998,-43.741241000000926,0.0
8,9,1,0,44601.212,44756.281,155.1,6.0,22.0,38.0492,106.5434,-0.006,45.0,0.0,-0.6967839999999851,36.17472400000022,0.0
9,9,1,1,74345.973,74499.35,153.4,6.0,22.0,38.0492,106.5434,-7.247,45.0,0.0,-6.711702000000049,36.15366300000087,0.0
10,10,1,0,50586.838,50756.13,169.3,9.0,27.0,50.8708,104.0693,-19.546,45.0,0.0,-20.451140000000102,34.699547999998465,0.0
11,10,1,1,68284.567,68487.818,203.3,9.0,27.0,50.8708,104.0693,-37.116,45.0,0.0,-37.76033999999991,37.129787000001535,0.0
12,14,1,0,44591.169,44803.284,212.1,7.0,24.0,41.7848,103.2516,40.15,45.0,0.0,40.65287300000003,38.67513099999949,0.0
13,14,1,1,74273.487,74426.657,153.2,7.0,24.0,41.7848,103.2516,-2.782,45.0,0.0,-2.15185100000017,35.10588300000308,0.0
14,16,1,0,38835.556,38990.256,154.7,5.0,27.0,33.4213,125.789,5.329,45.0,0.0,4.527764000000097,33.80888800000158,0.0
15,17,1,0,1246.619,1396.733,150.1,5.0,16.0,7.5029,78.5092,-0.5,45.0,0.0,0.21747399999999606,38.614069000000036,0.0
16,18,1,0,38337.883,38492.887,155.0,9.0,22.0,6.9511,109.1789,11.487,45.0,0.0,10.780977999999944,36.37446899999925,0.0
17,18,1,1,80614.666,80651.701,37.0,9.0,22.0,6.9511,109.1789,42.932,45.0,0.0,44.21962999999986,38.995536000000776,0.0
18,19,1,0,80513.598,80665.247,151.6,8.0,25.0,12.3196,101.3714,4.034,45.0,0.0,5.23570399999991,34.291226000000954,0.0
19,20,1,0,44858.969,45039.907,180.9,8.0,18.0,48.2772,124.5439,-26.311,45.0,0.0,-27.043790999999896,38.972563000000996,0.0
20,20,1,1,68494.505,68677.676,183.2,8.0,18.0,48.2772,124.5439,28.362,45.0,0.0,29.167210000000196,38.99712999999826,0.0
21,21,1,0,38708.725,38903.348,194.6,7.0,20.0,25.6611,124.7901,-31.699,45.0,0.0,-32.79197499999992,38.51682500000053,0.0
22,22,1,0,50190.322,50382.099,191.8,7.0,26.0,37.2173,76.6749,34.68,45.0,0.0,34.958932000000004,37.15933399999996,0.0
23,22,1,1,79933.932,80158.678,224.7,7.0,26.0,37.2173,76.6749,-43.37,45.0,0.0,-44.01864000000002,38.5322439999998,0.0
24,23,1,0,38569.109,38751.451,182.3,8.0,27.0,21.572,114.5538,32.055,45.0,0.0,32.08267300000001,36.35247100000124,0.0
25,23,1,1,74597.575,74803.848,206.3,8.0,27.0,21.572,114.5538,-40.561,45.0,0.0,-40.977324999999965,37.63072500000092,0.0
26,24,1,0,38321.711,38544.758,223.0,6.0,24.0,4.9619,113.9981,-39.439,45.0,0.0,-40.83139400000016,37.993369999999025,0.0
27,25,1,0,32690.998,32903.306,212.3,6.0,25.0,11.6357,131.6118,41.45,45.0,0.0,41.839978,38.55858600000012,0.0
28,26,1,0,50133.06,50304.972,171.9,9.0,17.0,30.3929,78.8291,-21.278,45.0,0.0,-22.133939999999885,38.91782000000094,0.0
29,27,1,0,44660.948,44820.174,159.2,7.0,16.0,40.468,110.3396,-9.691,45.0,0.0,-10.291075999999876,38.966892000001394,0.0
30,27,1,1,74327.374,74522.378,195.0,7.0,16.0,40.468,110.3396,32.949,45.0,0.0,33.77032599999981,40.00234400000132,0.0
31,28,1,0,38495.528,38682.598,187.1,6.0,25.0,14.3444,117.2894,-28.957,45.0,0.0,-30.374983999999916,36.20857600000064,0.0
32,30,1,0,74528.716,74692.067,163.4,6.0,15.0,27.6914,113.2258,-22.537,45.0,0.0,-22.394123999999994,39.851919999999865,0.0
33,31,1,0,44068.508,44284.427,215.9,5.0,28.0,14.1121,84.8442,42.189,45.0,0.0,42.65509600000002,37.80861599999952,0.0
34,33,1,0,38830.468,38991.444,161.0,6.0,27.0,32.3598,127.0665,-12.332,45.0,0.0,-13.524656000000032,33.973211999999634,0.0
35,34,1,0,44648.774,44803.866,155.1,9.0,19.0,40.4556,108.7196,1.629,45.0,0.0,1.0975540000000692,37.57902200000107,0.0
36,34,1,1,74324.427,74499.264,174.8,9.0,19.0,40.4556,108.7196,24.49,45.0,0.0,25.395214999999823,38.23991900000159,0.0
37,35,1,0,1059.839,1213.611,153.8,5.0,20.0,18.0541,73.6819,7.881,45.0,0.0,8.867110999999998,36.83667000000003,0.0
38,35,1,1,49899.135,50003.37,104.2,5.0,20.0,18.0541,73.6819,-40.685,45.0,0.0,-41.82429000000011,39.496689999999376,0.0
39,37,1,0,56178.144,56403.308,225.2,9.0,28.0,46.8714,78.6721,-40.122,45.0,0.0,-41.39776000000001,37.162343999999926,0.0
40,37,1,1,79861.394,80046.098,184.7,9.0,28.0,46.8714,78.6721,29.02,45.0,0.0,30.26776000000001,35.0905199999999,0.0
41,38,1,0,74513.943,74677.529,163.6,5.0,28.0,30.5978,115.7772,17.578,45.0,0.0,18.94837799999997,33.54793000000034,0.0
42,39,1,0,38322.822,38476.719,153.9,5.0,21.0,5.9539,108.9432,8.664,45.0,0.0,7.916585999999996,36.70370199999995,0.0
43,39,1,1,80634.894,80853.023,218.1,5.0,21.0,5.9539,108.9432,39.487,45.0,0.0,40.729064000000015,38.80676799999992,0.0
44,40,1,0,32663.862,32851.161,187.3,5.0,25.0,8.8333,131.4275,34.397,45.0,0.0,34.471275999999996,37.41843799999965,0.0
45,40,1,1,74915.025,75132.694,217.7,5.0,25.0,8.8333,131.4275,39.376,45.0,0.0,40.83434999999968,37.44735000000202,0.0
46,41,1,0,50483.144,50638.879,155.7,5.0,18.0,47.9251,94.5299,-0.152,45.0,0.0,-0.5663120000000053,38.04720799999989,0.0
47,41,1,1,74130.705,74285.256,154.6,5.0,18.0,47.9251,94.5299,-5.969,45.0,0.0,-5.66601499999997,38.02809499999923,0.0
48,42,1,0,74819.73,74970.149,150.4,8.0,26.0,13.5439,124.1826,-1.03,45.0,0.0,0.09984999999981664,33.79813000000212,0.0
49,43,1,0,74479.108,74701.029,221.9,7.0,27.0,26.9336,110.0203,-43.566,45.0,0.0,-44.154835999999875,38.24378800000205,0.0
50,44,1,0,50063.84,50217.975,154.1,6.0,29.0,27.633,74.0501,1.886,45.0,0.0,0.8289200000001292,32.645200000001815,0.0
51,45,1,0,38318.597,38453.691,135.1,7.0,19.0,4.808,114.0441,-40.059,45.0,0.0,-41.175835000000085,39.67652699999951,0.0
52,46,1,0,44605.094,44760.756,155.7,7.0,18.0,38.1014,106.9506,-2.719,45.0,0.0,-3.3261019999999117,38.000076000001194,0.0
53,46,1,1,74349.204,74501.942,152.7,7.0,18.0,38.1014,106.9506,-3.759,45.0,0.0,-3.2570840000000607,37.910792000000946,0.0
54,47,1,0,44238.03,44415.74,177.7,5.0,22.0,21.3564,90.8003,29.99,45.0,0.0,29.956820000000008,37.94984000000043,0.0
55,47,1,1,80270.371,80475.819,205.4,5.0,22.0,21.3564,90.8003,-40.375,45.0,0.0,-40.72545199999999,39.144958000000244,0.0
56,48,1,0,38771.322,38956.769,185.4,6.0,27.0,28.9297,126.6068,-28.193,45.0,0.0,-29.592456000000006,35.40508199999995,0.0
57,49,1,0,38928.777,39083.629,154.9,9.0,19.0,37.9457,130.0882,2.202,45.0,0.0,1.6456899999999441,37.57168099999917,0.0
58,49,1,1,68675.232,68830.005,154.8,9.0,19.0,37.9457,130.0882,-10.906,45.0,0.0,-10.528895999999921,37.663527999998394,0.0
59,50,1,0,38680.763,38834.778,154.0,9.0,29.0,25.1036,120.2971,1.296,45.0,0.0,0.18724300000003857,32.61371400000052,0.0
60,50,1,1,74619.683,74793.61,173.9,9.0,29.0,25.1036,120.2971,24.486,45.0,0.0,26.040150000000228,33.71872199999788,0.0
61,51,1,0,1199.216,1372.413,173.2,7.0,22.0,7.9581,75.2677,-30.08,45.0,0.0,-29.984056000000002,37.74648800000004,0.0
62,52,1,0,1144.359,1311.203,166.8,9.0,26.0,13.7217,77.3731,20.69,45.0,0.0,22.154026999999996,34.61247500000004,0.0
63,53,1,1,74423.845,74587.113,163.3,6.0,18.0,35.2517,112.1693,17.041,45.0,0.0,17.887870000000053,38.1763399999995,0.0
64,54,1,0,1170.204,1203.437,33.2,8.0,24.0,12.1,81.7222,43.131,45.0,0.0,44.520016,38.422964000000015,0.0
65,55,1,0,50189.488,50393.037,203.5,6.0,25.0,32.9607,83.2421,-34.533,45.0,0.0,-35.82193599999988,37.09736800000089,0.0
66,55,1,1,80063.91,80251.129,187.2,6.0,25.0,32.9607,83.2421,-34.133,45.0,0.0,-34.36255000000002,37.27421999999875,0.0
67,56,1,0,80679.424,80739.634,60.2,7.0,20.0,7.2345,97.8179,-45.0,-24.499,0.0,-44.126648000000046,-32.62172799999965,0.0
68,57,1,0,44730.464,44945.777,215.3,7.0,20.0,48.6871,110.6064,40.449,45.0,0.0,40.946208,39.88676000000002,0.0
69,57,1,1,68368.377,68559.273,190.9,7.0,20.0,48.6871,110.6064,-33.618,45.0,0.0,-33.99003199999989,39.01357400000232,0.0
70,58,1,0,38589.691,38672.086,82.4,5.0,28.0,19.4666,122.564,-41.258,45.0,0.0,-42.80724099999994,37.082116000000354,0.0
71,58,1,1,74721.071,74881.692,160.6,5.0,28.0,19.4666,122.564,15.658,45.0,0.0,17.135549999999814,33.2687900000019,0.0
72,59,1,0,50037.207,50104.207,67.0,6.0,29.0,25.2855,78.7938,-41.842,45.0,0.0,-43.404143000000104,36.9313459999993,0.0
73,62,1,0,50481.377,50647.263,165.9,8.0,16.0,49.423,93.0225,20.109,45.0,0.0,20.112246,39.48047799999984,0.0
74,62,1,1,74102.869,74257.09,154.2,8.0,16.0,49.423,93.0225,-0.645,45.0,0.0,-0.3088819999998668,38.84446099999739,0.0
75,63,1,0,44722.244,44886.892,164.6,5.0,19.0,43.0401,114.2996,-15.674,45.0,0.0,-16.419271999999953,37.89956800000052,0.0
76,65,1,0,44360.963,44408.758,47.8,5.0,22.0,20.7967,87.3685,45.0,-30.43,0.0,43.952923999999825,-37.97053000000105,0.0
77,67,1,0,44276.047,44431.109,155.1,8.0,18.0,20.9922,94.3321,-3.815,45.0,0.0,-4.611067999999941,37.92075600000061,0.0
78,67,1,1,80331.994,80489.091,157.1,8.0,18.0,20.9922,94.3321,-17.694,45.0,0.0,-17.333131999999864,38.34250799999747,0.0
79,69,1,0,44838.724,45040.627,201.9,5.0,17.0,52.7812,117.9399,36.711,45.0,0.0,37.09748000000004,40.3480759999994,0.0
80,69,1,1,50699.811,50921.817,222.0,5.0,17.0,52.7812,117.9399,-39.771,45.0,0.0,-40.49925100000006,40.53505399999957,0.0
81,69,1,2,62497.361,62727.705,230.3,5.0,17.0,52.7812,117.9399,-42.801,45.0,0.0,-43.38455199999991,40.92341800000075,0.0
82,69,1,3,68392.062,68579.552,187.5,5.0,17.0,52.7812,117.9399,30.117,45.0,0.0,30.84354200000022,39.54480399999808,0.0
83,70,1,0,68515.751,68741.609,225.9,5.0,28.0,40.8692,120.1144,-43.281,45.0,0.0,-44.00877100000008,37.95096099999889,0.0
84,71,1,0,38922.688,39107.142,184.5,8.0,17.0,40.2547,127.7624,31.704,45.0,0.0,31.861816000000015,39.90158399999937,0.0
85,71,1,1,68627.506,68782.473,155.0,8.0,17.0,40.2547,127.7624,-10.546,45.0,0.0,-10.234880000000121,38.5394200000026,0.0
86,72,1,0,38338.015,38503.572,165.6,8.0,17.0,5.8614,111.3663,-17.274,45.0,0.0,-18.230824999999967,38.62664000000025,0.0
87,73,1,0,38887.785,39108.216,220.4,9.0,28.0,40.4201,125.4076,42.066,45.0,0.0,42.69891500000007,37.82063999999897,0.0
88,73,1,1,68598.1,68766.485,168.4,9.0,28.0,40.4201,125.4076,-24.289,45.0,0.0,-24.243399999999966,34.73959999999742,0.0
89,74,1,0,44368.066,44551.542,183.5,8.0,23.0,25.2634,99.8815,-27.352,45.0,0.0,-28.585365999999944,36.92213800000045,0.0
90,75,1,0,50138.245,50344.07,205.8,7.0,28.0,35.2783,74.2256,38.99,45.0,0.0,39.44394000000003,37.217129999999145,0.0
91,76,1,0,50172.062,50326.592,154.5,6.0,21.0,33.3468,78.0885,3.448,45.0,0.0,2.7910160000000617,36.655108000000894,0.0
92,77,1,0,50318.003,50381.961,64.0,5.0,19.0,38.8705,91.4198,-42.205,45.0,0.0,-43.180143999999856,40.12615100000086,0.0
93,79,1,0,44014.913,44179.278,164.4,9.0,23.0,8.2785,84.795,22.49,45.0,0.0,22.11273999999999,36.745452999999806,0.0
94,80,1,0,74889.245,75041.89,152.6,7.0,17.0,9.1082,125.4177,-12.851,45.0,0.0,-12.339160000000149,38.48918000000203,0.0
95,81,1,0,44290.842,44365.536,74.7,9.0,17.0,18.468,86.37,45.0,-18.305,0.0,44.37832000000012,-25.94300799999869,0.0
96,82,1,0,38964.977,39122.641,157.7,6.0,25.0,39.2334,132.6339,-7.356,45.0,0.0,-8.268171999999963,34.81510900000051,0.0
97,82,1,1,68676.983,68840.637,163.7,6.0,25.0,39.2334,132.6339,17.134,45.0,0.0,18.235285999999704,35.075939000003316,0.0
98,83,1,0,56289.51,56470.856,181.3,5.0,28.0,51.621,84.0481,-26.675,45.0,0.0,-27.693320000000064,35.059779999999144,0.0
99,83,1,1,73999.678,74166.075,166.4,5.0,28.0,51.621,84.0481,-20.825,45.0,0.0,-20.934,34.42418800000005,0.0
100,85,1,0,74778.707,74815.973,37.3,6.0,17.0,16.241,128.4509,42.946,45.0,0.0,43.94388499999972,40.50309100000147,0.0
101,86,1,0,44372.955,44587.014,214.1,9.0,15.0,25.4492,101.7806,-37.328,45.0,0.0,-38.168570000000095,40.719859999999464,0.0
102,87,1,0,38918.766,39096.686,177.9,9.0,15.0,39.6653,127.7769,28.803,45.0,0.0,28.88129800000001,40.35655999999889,0.0
103,87,1,1,68633.237,68790.757,157.5,9.0,15.0,39.6653,127.7769,-14.797,45.0,0.0,-14.599445000000093,39.530067000002575,0.0
104,88,1,0,50085.451,50300.292,214.8,7.0,21.0,27.7288,79.5786,-37.527,45.0,0.0,-38.66900100000005,38.8386209999997,0.0
105,89,1,0,44377.014,44597.238,220.2,7.0,18.0,25.662,102.2507,-38.769,45.0,0.0,-39.76874200000015,39.92864599999911,0.0
106,90,1,0,50450.655,50630.472,179.8,7.0,20.0,49.0718,90.5329,28.849,45.0,0.0,29.05058499999999,38.60489000000042,0.0
107,90,1,1,74081.939,74242.591,160.7,7.0,20.0,49.0718,90.5329,-16.226,45.0,0.0,-16.154305000000008,37.56592500000064,0.0
108,91,1,0,50097.48,50253.99,156.5,6.0,18.0,29.9721,74.5827,11.716,45.0,0.0,11.288519999999917,38.23007999999862,0.0
109,92,1,0,989.236,1190.2,201.0,8.0,28.0,22.2589,74.7176,35.101,45.0,0.0,36.669036,35.69196,0.0
110,92,1,1,49979.651,50176.061,196.4,8.0,28.0,22.2589,74.7176,-32.315,45.0,0.0,-33.8435499999999,35.51955300000078,0.0
111,94,1,0,1285.38,1458.845,173.5,9.0,29.0,5.9736,81.7839,24.668,45.0,0.0,26.343520000000005,33.58825999999995,0.0
112,94,1,1,43941.476,44135.401,193.9,9.0,29.0,5.9736,81.7839,36.678,45.0,0.0,36.852,36.38844799999916,0.0
113,96,1,0,44702.503,44876.696,174.2,9.0,23.0,41.8654,114.0772,-22.581,45.0,0.0,-23.578622999999876,36.627734000001276,0.0
114,97,1,0,1197.379,1370.18,172.8,8.0,22.0,10.8385,79.2819,24.269,45.0,0.0,25.547844999999995,36.73251400000004,0.0
115,98,1,0,44638.776,44679.6,40.8,9.0,27.0,38.3464,115.0342,-43.038,45.0,0.0,-44.39769599999991,37.936528000000585,0.0
116,0,2,0,55813.029,56028.315,215.3,8.0,27.0,48.7106,83.0587,-37.436,45.0,0.0,-38.60313100000008,37.114197999999234,0.0
117,1,2,0,74059.182,74120.062,60.9,6.0,22.0,34.0627,119.5414,42.125,45.0,0.0,43.31210000000004,39.21249199999979,0.0
118,4,2,0,43923.132,44097.448,174.3,5.0,18.0,24.2359,100.2937,-22.578,45.0,0.0,-23.535731999999886,38.56054000000089,0.0
119,4,2,1,79919.345,80126.851,207.5,5.0,18.0,24.2359,100.2937,35.284,45.0,0.0,36.30228500000006,39.57676999999961,0.0
120,5,2,0,43683.661,43905.565,221.9,7.0,18.0,11.3741,95.1998,-39.193,45.0,0.0,-40.242355,39.89842899999998,0.0
121,6,2,0,38409.132,38564.347,155.2,8.0,29.0,33.3939,128.063,1.179,45.0,0.0,0.2035120000000752,32.72209600000115,0.0
122,7,2,0,43569.77,43720.581,150.8,6.0,18.0,5.1778,92.0662,-39.995,45.0,0.0,-41.05411999999982,39.96638000000098,0.0
123,9,2,0,44160.214,44319.326,159.1,6.0,22.0,38.0492,106.5434,13.339,45.0,0.0,12.95772,36.62334200000003,0.0
124,9,2,1,73935.602,74100.445,164.8,6.0,22.0,38.0492,106.5434,-18.807,45.0,0.0,-18.599776000000013,37.03455800000044,0.0
125,10,2,0,50157.494,50320.682,163.2,9.0,27.0,50.8708,104.0693,-12.465,45.0,0.0,-13.245831999999965,34.28085600000058,0.0
126,10,2,1,67863.821,68083.231,219.4,9.0,27.0,50.8708,104.0693,-39.951,45.0,0.0,-40.690882999999914,37.81377400000114,0.0
127,12,2,0,80077.836,80290.527,212.7,5.0,28.0,15.5628,105.3221,36.724,45.0,0.0,38.31130799999977,36.23536800000156,0.0
128,14,2,0,44334.611,44380.388,45.8,7.0,24.0,41.7848,103.2516,45.0,-31.728,0.0,43.93406100000014,-39.41313499999919,0.0
129,14,2,1,73864.996,74025.973,161.0,7.0,24.0,41.7848,103.2516,-13.798,45.0,0.0,-13.478064000000012,35.83579600000037,0.0
130,16,2,0,38385.456,38549.257,163.8,5.0,27.0,33.4213,125.789,19.699,45.0,0.0,19.353704000000025,34.82888800000076,0.0
131,17,2,0,752.075,915.344,163.3,5.0,16.0,7.5029,78.5092,-20.893,45.0,0.0,-20.6125,39.48889999999998,0.0
132,18,2,0,37882.37,38055.702,173.3,9.0,22.0,6.9511,109.1789,28.438,45.0,0.0,28.285299999999975,37.733659999999,0.0
133,18,2,1,80234.897,80436.649,201.8,9.0,22.0,6.9511,109.1789,33.762,45.0,0.0,35.05223199999984,37.953183000001005,0.0
134,19,2,0,80113.685,80270.682,157.0,8.0,25.0,12.3196,101.3714,-13.031,45.0,0.0,-12.302080000000075,35.152735000001094,0.0
135,20,2,0,44425.053,44595.297,170.2,8.0,18.0,48.2772,124.5439,-19.014,45.0,0.0,-19.669801999999997,38.57253500000005,0.0
136,20,2,1,68089.79,68262.105,172.3,8.0,18.0,48.2772,124.5439,20.288,45.0,0.0,20.999019999999756,38.62958000000255,0.0
137,21,2,0,38274.749,38443.969,169.2,7.0,20.0,25.6611,124.7901,-19.32,45.0,0.0,-20.345450000000174,37.54567499999854,0.0
138,21,2,1,74216.37,74287.25,70.9,7.0,20.0,25.6611,124.7901,41.657,45.0,0.0,42.78023999999976,39.67685000000137,0.0
139,22,2,0,49744.49,49964.52,220.0,7.0,26.0,37.2173,76.6749,41.969,45.0,0.0,42.52832999999997,38.41141000000059,0.0
140,23,2,0,38106.506,38322.667,216.2,8.0,27.0,21.572,114.5538,42.016,45.0,0.0,42.489578000000016,38.07722399999964,0.0
141,23,2,1,74381.671,74417.966,36.3,8.0,27.0,21.572,114.5538,-45.0,-34.914,0.0,-43.60642399999988,-42.746434000000534,0.0
142,24,2,0,37894.051,38078.875,184.8,6.0,24.0,4.9619,113.9981,-28.202,45.0,0.0,-29.59480499999997,36.469886000000216,0.0
143,25,2,0,74474.314,74694.039,219.7,6.0,25.0,11.6357,131.6118,38.429,45.0,0.0,39.86895599999992,37.556240000000514,0.0
144,26,2,0,49706.801,49864.638,157.8,9.0,17.0,30.3929,78.8291,-7.452,45.0,0.0,-8.171641999999977,38.457167000000226,0.0
145,27,2,0,44223.447,44379.476,156.0,7.0,16.0,40.468,110.3396,2.813,45.0,0.0,2.387930999999997,38.93857799999995,0.0
146,27,2,1,73932.357,74110.349,178.0,7.0,16.0,40.468,110.3396,23.83,45.0,0.0,24.58306500000016,39.541696999998635,0.0
147,28,2,0,38061.464,38223.304,161.8,6.0,25.0,14.3444,117.2894,-13.887,45.0,0.0,-15.202663999999997,34.87581600000003,0.0
148,30,2,0,74111.599,74299.672,188.1,6.0,15.0,27.6914,113.2258,-33.107,45.0,0.0,-33.21999500000001,40.69891399999938,0.0
149,33,2,0,38387.469,38542.495,155.0,6.0,27.0,32.3598,127.0665,2.699,45.0,0.0,1.812054000000091,33.76015500000135,0.0
150,34,2,0,44207.483,44367.523,160.0,9.0,19.0,40.4556,108.7196,14.144,45.0,0.0,13.870788999999997,37.98069099999993,0.0
151,34,2,1,73926.003,74090.064,164.1,9.0,19.0,40.4556,108.7196,13.691,45.0,0.0,14.466119999999878,37.85370100000131,0.0
152,35,2,0,570.04,726.953,156.9,5.0,20.0,18.0541,73.6819,-12.259,45.0,0.0,-11.6988,37.39832000000001,0.0
153,35,2,1,49482.957,49676.505,193.5,5.0,20.0,18.0541,73.6819,-31.31,45.0,0.0,-32.44367800000011,38.42978099999921,0.0
154,37,2,0,55759.58,55967.821,208.2,9.0,28.0,46.8714,78.6721,-35.564,45.0,0.0,-36.78720000000007,36.415939999999374,0.0
155,37,2,1,79469.943,79643.153,173.2,9.0,28.0,46.8714,78.6721,20.881,45.0,0.0,21.996890999999973,34.40665000000031,0.0
156,38,2,0,74113.447,74270.153,156.7,5.0,28.0,30.5978,115.7772,3.401,45.0,0.0,4.499433000000004,33.26402999999994,0.0
157,39,2,0,37868.646,38038.158,169.5,5.0,21.0,5.9539,108.9432,26.282,45.0,0.0,26.06295599999999,37.89670599999975,0.0
158,39,2,1,80253.454,80440.806,187.4,5.0,21.0,5.9539,108.9432,28.75,45.0,0.0,29.981423999999883,37.79494000000082,0.0
159,40,2,0,32191.591,32226.027,34.4,5.0,25.0,8.8333,131.4275,44.355,45.0,0.0,44.86245600000001,39.05883899999991,0.0
160,40,2,1,74527.125,74713.888,186.8,5.0,25.0,8.8333,131.4275,28.48,45.0,0.0,29.92475,36.173500000000004,0.0
161,41,2,0,50049.727,50208.329,158.6,5.0,18.0,47.9251,94.5299,9.538,45.0,0.0,9.297095000000015,38.26575200000044,0.0
162,41,2,1,73721.908,73884.472,162.6,5.0,18.0,47.9251,94.5299,-14.56,45.0,0.0,-14.445736000000034,38.489536000001706,0.0
163,42,2,0,74410.811,74571.411,160.6,8.0,26.0,13.5439,124.1826,-17.75,45.0,0.0,-17.16491399999996,35.06799499999931,0.0
164,44,2,0,417.063,632.078,215.0,6.0,29.0,27.633,74.0501,37.25,45.0,0.0,38.81715,36.057257,0.0
165,44,2,1,49627.612,49788.377,160.8,6.0,29.0,27.633,74.0501,17.516,45.0,0.0,16.967923999999975,33.628463999999525,0.0
166,44,2,2,85530.707,85734.113,203.4,6.0,29.0,27.633,74.0501,34.088,45.0,0.0,35.64664299999975,35.502219000001965,0.0
167,45,2,0,37891.277,38078.367,187.1,7.0,19.0,4.808,114.0441,-29.129,45.0,0.0,-30.247512000000103,38.542908999999284,0.0
168,46,2,0,44165.066,44322.709,157.6,7.0,18.0,38.1014,106.9506,10.7,45.0,0.0,10.339548000000024,38.25062000000048,0.0
169,46,2,1,73940.064,74101.984,161.9,7.0,18.0,38.1014,106.9506,-15.742,45.0,0.0,-15.509040000000022,38.50863200000062,0.0
170,47,2,0,43782.902,43992.347,209.4,5.0,22.0,21.3564,90.8003,40.509,45.0,0.0,40.85682400000002,39.29851799999946,0.0
171,47,2,1,80054.858,80096.152,41.3,5.0,22.0,21.3564,90.8003,-45.0,-33.151,0.0,-43.92052600000037,-40.046813999997994,0.0
172,48,2,0,38335.357,38499.732,164.4,6.0,27.0,28.9297,126.6068,-15.332,45.0,0.0,-16.61206500000016,34.147568999998256,0.0
173,49,2,0,38480.447,38641.167,160.7,9.0,19.0,37.9457,130.0882,15.637,45.0,0.0,15.365400999999997,38.04070699999995,0.0
174,49,2,1,68257.003,68425.798,168.8,9.0,19.0,37.9457,130.0882,-22.1,45.0,0.0,-22.012979000000023,38.489821000001186,0.0
175,50,2,0,38231.402,38392.194,160.8,9.0,29.0,25.1036,120.2971,17.917,45.0,0.0,17.352351999999954,33.649843999999106,0.0
176,50,2,1,74222.845,74382.983,160.1,9.0,29.0,25.1036,120.2971,10.318,45.0,0.0,11.677870000000054,32.88358499999941,0.0
177,51,2,0,689.86,904.94,215.1,7.0,22.0,7.9581,75.2677,-41.789,45.0,0.0,-42.15804,39.51819999999999,0.0
178,52,2,0,662.522,817.149,154.6,9.0,26.0,13.7217,77.3731,0.793,45.0,0.0,1.9384900000000023,34.13343399999998,0.0
179,53,2,0,44146.175,44367.682,221.5,6.0,18.0,35.2517,112.1693,-38.838,45.0,0.0,-39.77457500000014,40.02162499999911,0.0
180,53,2,1,74022.842,74180.127,157.3,6.0,18.0,35.2517,112.1693,3.917,45.0,0.0,4.579154000000155,38.049045999998164,0.0
181,54,2,0,703.017,898.97,196.0,8.0,24.0,12.1,81.7222,31.917,45.0,0.0,33.303918,36.991437999999974,0.0
182,55,2,0,49767.959,49947.224,179.3,6.0,25.0,32.9607,83.2421,-24.955,45.0,0.0,-26.18211400000012,35.944260999998924,0.0
183,55,2,1,79650.565,79866.76,216.2,6.0,25.0,32.9607,83.2421,-40.784,45.0,0.0,-41.280040000000035,38.551324999999316,0.0
184,57,2,2,67947.0,68155.91,208.9,7.0,20.0,48.6871,110.6064,-37.685,45.0,0.0,-38.165,39.616,0.0
185,58,2,0,38160.99,38356.553,195.6,5.0,28.0,19.4666,122.564,-31.974,45.0,0.0,-33.517489999999896,35.44299000000081,0.0
186,58,2,1,74320.169,74475.011,154.8,5.0,28.0,19.4666,122.564,-0.724,45.0,0.0,0.42209799999976527,33.17862700000289,0.0
187,59,2,0,49620.042,49821.625,201.6,6.0,29.0,25.2855,78.7938,-33.797,45.0,0.0,-35.34405800000006,35.411619999999495,0.0
188,60,2,0,37896.849,37958.522,61.7,5.0,15.0,5.3046,116.4907,-41.866,45.0,0.0,-42.753393000000116,41.04773299999944,0.0
189,62,2,0,50043.459,50222.541,179.1,8.0,16.0,49.423,93.0225,27.711,45.0,0.0,27.86021300000002,39.98026799999911,0.0
190,62,2,1,73695.642,73855.007,159.4,8.0,16.0,49.423,93.0225,-9.104,45.0,0.0,-8.924295999999915,39.126137999997084,0.0
191,63,2,0,44286.57,44444.27,157.7,5.0,19.0,43.0401,114.2996,-4.633,45.0,0.0,-5.225669999999991,37.63992000000013,0.0
192,64,2,0,43547.57,43764.535,217.0,9.0,27.0,3.9131,91.0598,-38.166,45.0,0.0,-39.72020999999999,36.733790000000106,0.0
193,67,2,0,43835.343,43992.407,157.1,8.0,18.0,20.9922,94.3321,13.67,45.0,0.0,13.21339599999998,38.284881999999676,0.0
194,67,2,1,79922.727,80102.564,179.8,8.0,18.0,20.9922,94.3321,-30.193,45.0,0.0,-30.194819000000003,39.45618500000036,0.0
195,68,2,0,49932.305,49967.046,34.7,9.0,19.0,40.2505,95.3617,-43.331,45.0,0.0,-44.291640000000015,40.31334499999992,0.0
196,69,2,0,44392.183,44613.361,221.2,5.0,17.0,52.7812,117.9399,41.031,45.0,0.0,41.50157499999993,40.82159000000074,0.0
197,69,2,1,50271.126,50484.121,213.0,5.0,17.0,52.7812,117.9399,-36.981,45.0,0.0,-37.68078799999987,40.31569600000104,0.0
198,69,2,2,62071.11,62095.616,24.5,5.0,17.0,52.7812,117.9399,-44.151,45.0,0.0,-44.758740000000024,41.16393999999986,0.0
199,69,2,3,67986.777,68164.696,177.9,5.0,17.0,52.7812,117.9399,23.743,45.0,0.0,24.391972000000067,39.2498479999993,0.0
200,70,2,0,44272.363,44308.835,36.5,5.0,28.0,40.8692,120.1144,-43.267,45.0,0.0,-44.63597199999989,37.76791500000072,0.0
201,71,2,0,38465.426,38675.403,210.0,8.0,17.0,40.2547,127.7624,39.483,45.0,0.0,39.829241999999994,40.647868000000145,0.0
202,71,2,1,68209.721,68377.745,168.0,8.0,17.0,40.2547,127.7624,-21.184,45.0,0.0,-21.11567399999997,39.2092989999981,0.0
203,72,2,0,37897.799,38050.811,153.0,8.0,17.0,5.8614,111.3663,1.522,45.0,0.0,0.785844000000041,38.32704300000041,0.0
204,72,2,1,80250.646,80298.606,48.0,8.0,17.0,5.8614,111.3663,42.43,45.0,0.0,43.43217599999963,40.57218200000188,0.0
205,73,2,1,68176.125,68365.061,188.9,9.0,28.0,40.4201,125.4076,-32.272,45.0,0.0,-32.55175,36.173125,0.0
206,74,2,0,43938.544,44100.928,162.4,8.0,23.0,25.2634,99.8815,-13.691,45.0,0.0,-14.809568000000079,35.90412799999922,0.0
207,74,2,1,79900.119,80111.449,211.3,8.0,23.0,25.2634,99.8815,36.302,45.0,0.0,37.58006900000031,38.004825999997905,0.0
208,75,2,0,49869.467,49928.417,58.9,7.0,28.0,35.2783,74.2256,45.0,-26.245,0.0,43.824051000000146,-36.45090699999901,0.0
209,76,2,0,49735.816,49897.547,161.7,6.0,21.0,33.3468,78.0885,17.647,45.0,0.0,17.337128000000018,37.292016000000466,0.0
210,77,2,0,49896.862,50108.301,211.4,5.0,19.0,38.8705,91.4198,-36.403,45.0,0.0,-37.34951400000005,39.47943599999968,0.0
211,77,2,1,79641.739,79871.273,229.5,5.0,19.0,38.8705,91.4198,40.39,45.0,0.0,41.39295000000007,39.90199499999959,0.0
212,79,2,0,770.368,990.963,220.6,9.0,23.0,8.2785,84.795,38.683,45.0,0.0,40.022240000000004,38.24819199999998,0.0
213,79,2,1,43561.157,43753.403,192.2,9.0,23.0,8.2785,84.795,36.203,45.0,0.0,36.347471,38.344719000000254,0.0
214,80,2,0,74475.032,74648.569,173.5,7.0,17.0,9.1082,125.4177,-27.734,45.0,0.0,-27.624711999999942,39.582511999997664,0.0
215,82,2,0,38520.165,38676.325,156.2,6.0,25.0,39.2334,132.6339,5.862,45.0,0.0,5.238544999999977,34.903974999999576,0.0
216,82,2,1,68269.322,68427.308,158.0,6.0,25.0,39.2334,132.6339,4.909,45.0,0.0,5.779270000000004,34.85715199999994,0.0
217,83,2,0,55867.403,56040.705,173.3,5.0,28.0,51.621,84.0481,-21.105,45.0,0.0,-22.031686999999955,34.52245600000071,0.0
218,83,2,1,73588.378,73766.583,178.2,5.0,28.0,51.621,84.0481,-26.016,45.0,0.0,-26.307267999999983,35.30050800000125,0.0
219,85,2,0,74392.043,74594.828,202.8,6.0,17.0,16.241,128.4509,33.997,45.0,0.0,34.98836500000028,39.76129399999825,0.0
220,86,2,0,43947.723,44131.426,183.7,9.0,15.0,25.4492,101.7806,-27.257,45.0,0.0,-28.0725959999999,40.00510500000068,0.0
221,87,2,0,38462.146,38664.043,201.9,9.0,15.0,39.6653,127.7769,37.383,45.0,0.0,37.64419000000001,41.02265999999981,0.0
222,87,2,1,68213.986,68387.273,173.3,9.0,15.0,39.6653,127.7769,-24.875,45.0,0.0,-24.890013999999997,40.16595599999844,0.0
223,88,2,0,49666.137,49851.813,185.7,7.0,21.0,27.7288,79.5786,-28.061,45.0,0.0,-29.170850000000122,37.81743299999905,0.0
224,89,2,0,43952.315,44140.991,188.7,7.0,18.0,25.662,102.2507,-29.325,45.0,0.0,-30.302380000000124,39.04744999999914,0.0
225,90,2,0,50010.658,50208.356,197.7,7.0,20.0,49.0718,90.5329,35.246,45.0,0.0,35.60721200000005,39.30743999999901,0.0
226,90,2,1,73670.823,73843.402,172.6,7.0,20.0,49.0718,90.5329,-23.081,45.0,0.0,-23.18564600000001,38.205321999998475,0.0
227,91,2,0,49657.587,49828.595,171.0,6.0,18.0,29.9721,74.5827,25.527,45.0,0.0,25.439304000000003,39.046049000000174,0.0
228,91,2,1,85483.965,85523.57,39.6,6.0,18.0,29.9721,74.5827,42.94,45.0,0.0,43.94117999999982,40.432660000000965,0.0
229,92,2,0,515.934,687.983,172.0,8.0,28.0,22.2589,74.7176,20.88,45.0,0.0,22.362699999999997,34.10755800000001,0.0
230,92,2,1,49559.11,49729.084,170.0,8.0,28.0,22.2589,74.7176,-19.989,45.0,0.0,-21.447390000000027,33.970749999999725,0.0
231,93,2,0,74408.145,74633.075,224.9,9.0,27.0,15.2495,129.9946,39.544,45.0,0.0,41.07754000000021,37.08513499999863,0.0
232,94,2,0,806.505,962.27,155.8,9.0,29.0,5.9736,81.7839,5.043,45.0,0.0,6.461745,32.57338,0.0
233,94,2,1,43648.572,43715.423,66.9,9.0,29.0,5.9736,81.7839,45.0,-21.952,0.0,43.745971999999995,-33.69277600000004,0.0
234,96,2,0,44269.029,44431.333,162.3,9.0,23.0,41.8654,114.0772,-12.176,45.0,0.0,-13.038044000000083,36.015630999998955,0.0
235,97,2,0,718.001,873.867,155.9,8.0,22.0,10.8385,79.2819,4.859,45.0,0.0,5.916047999999999,36.086522000000016,0.0
236,98,2,0,44211.696,44426.804,215.1,9.0,27.0,38.3464,115.0342,-37.327,45.0,0.0,-38.65132000000016,36.93087999999877,0.0
237,98,2,1,73978.167,74194.426,216.3,9.0,27.0,38.3464,115.0342,37.476,45.0,0.0,38.85384900000006,36.922050999999556,0.0
238,0,3,0,55483.172,55685.962,202.8,8.0,27.0,48.7106,83.0587,-33.994,45.0,0.0,-35.13053599999995,36.559392000000486,0.0
239,0,3,2,79158.144,79292.721,134.6,8.0,27.0,48.7106,83.0587,41.177,45.0,0.0,42.468192000000016,37.73550399999993,0.0
240,1,3,0,73766.258,73982.134,215.9,6.0,22.0,34.0627,119.5414,36.793,45.0,0.0,37.95164200000008,38.54860199999946,0.0
241,2,3,0,37546.577,37645.498,98.9,7.0,22.0,5.4387,117.8781,-40.64,45.0,0.0,-41.92173499999986,38.90913000000077,0.0
242,3,3,0,37589.06,37803.569,214.5,9.0,15.0,7.6733,118.3128,-36.956,45.0,0.0,-37.84841999999987,40.68116000000074,0.0
243,4,3,0,43574.036,43734.114,160.1,5.0,18.0,24.2359,100.2937,-10.257,45.0,0.0,-11.109656000000003,38.093159999999976,0.0
244,4,3,1,79634.707,79822.143,187.4,5.0,18.0,24.2359,100.2937,27.39,45.0,0.0,28.372763999999734,38.994996000001905,0.0
245,5,3,0,43341.79,43533.995,192.2,7.0,18.0,11.3741,95.1998,-30.28,45.0,0.0,-31.331240000000047,39.120019999999684,0.0
246,6,3,0,38041.572,38200.582,159.0,8.0,29.0,33.3939,128.063,13.555,45.0,0.0,12.959843999999997,33.38529199999994,0.0
247,7,3,0,43228.486,43422.998,194.5,6.0,18.0,5.1778,92.0662,-31.053,45.0,0.0,-32.11821599999984,39.178040000001026,0.0
248,9,3,0,43799.847,43969.369,169.5,6.0,22.0,38.0492,106.5434,23.283,45.0,0.0,23.18707099999999,37.37619999999937,0.0
249,9,3,1,73623.846,73801.149,177.3,6.0,22.0,38.0492,106.5434,-26.548,45.0,0.0,-26.574461999999986,37.764057999998116,0.0
250,10,3,0,49814.213,49973.348,159.1,9.0,27.0,50.8708,104.0693,-6.278,45.0,0.0,-6.944112000000081,34.02320399999834,0.0
251,10,3,1,67541.956,67772.742,230.8,9.0,27.0,50.8708,104.0693,-42.127,45.0,0.0,-42.93585600000014,38.2245839999984,0.0
252,10,3,2,73427.387,73660.483,233.1,9.0,27.0,50.8708,104.0693,40.928,45.0,0.0,42.19264100000011,37.71002999999924,0.0
253,11,3,0,37931.28,37967.555,36.3,8.0,25.0,25.9659,130.8721,-43.097,45.0,0.0,-44.455279999999945,38.48240000000034,0.0
254,12,3,0,79794.141,79984.762,190.6,5.0,28.0,15.5628,105.3221,28.579,45.0,0.0,30.133191000000167,35.160343999998645,0.0
255,13,3,0,37620.186,37645.69,25.5,6.0,25.0,9.5529,120.7265,-43.546,45.0,0.0,-44.972973913043525,38.483278260869305,0.0
256,14,3,0,73555.149,73725.079,169.9,7.0,24.0,41.7848,103.2516,-21.488,45.0,0.0,-21.402956999999965,36.48971799999796,0.0
257,16,3,0,38011.974,38192.072,180.1,5.0,27.0,33.4213,125.789,29.743,45.0,0.0,29.792077999999997,36.121061999999235,0.0
258,17,3,0,300.137,493.173,193.0,5.0,16.0,7.5029,78.5092,-34.686,45.0,0.0,-34.772411,40.577078,0.0
259,18,3,0,37501.322,37703.721,202.4,9.0,22.0,6.9511,109.1789,38.505,45.0,0.0,38.750254,39.09478999999996,0.0
260,18,3,1,79950.283,80131.878,181.6,9.0,22.0,6.9511,109.1789,24.387,45.0,0.0,25.63728199999977,37.18125300000171,0.0
261,19,3,0,79811.47,79982.721,171.3,8.0,25.0,12.3196,101.3714,-24.297,45.0,0.0,-23.98300999999998,36.34376999999952,0.0
262,20,3,0,44073.075,44235.957,162.9,8.0,18.0,48.2772,124.5439,-12.267,45.0,0.0,-12.84632499999991,38.29412500000124,0.0
263,20,3,1,67778.792,67943.895,165.1,8.0,18.0,48.2772,124.5439,13.427,45.0,0.0,14.044136000000043,38.35852799999947,0.0
264,21,3,0,37914.352,38071.867,157.5,7.0,20.0,25.6611,124.7901,-6.299,45.0,0.0,-7.176487999999954,37.12884000000048,0.0
265,21,3,1,73924.146,74135.326,211.2,7.0,20.0,25.6611,124.7901,35.448,45.0,0.0,36.55159199999965,39.01609000000222,0.0
266,22,3,0,49604.805,49633.294,28.5,7.0,26.0,37.2173,76.6749,45.0,-37.54,0.0,43.653919999999985,-44.427565000000065,0.0
267,24,3,0,37537.655,37701.873,164.2,6.0,24.0,4.9619,113.9981,-14.779,45.0,0.0,-16.089714999999938,35.51042500000054,0.0
268,25,3,0,74181.615,74377.038,195.4,6.0,25.0,11.6357,131.6118,30.331,45.0,0.0,31.74859500000028,36.58676499999796,0.0
269,26,3,0,49362.301,49517.809,155.5,9.0,17.0,30.3929,78.8291,5.005,45.0,0.0,4.479368000000017,38.52366700000023,0.0
270,27,3,0,43866.377,44025.958,159.6,7.0,16.0,40.468,110.3396,13.087,45.0,0.0,12.844590999999994,39.20256099999983,0.0
271,27,3,1,73632.908,73800.487,167.6,7.0,16.0,40.468,110.3396,15.733,45.0,0.0,16.405227999999827,39.22189200000168,0.0
272,28,3,0,37698.61,37853.315,154.7,6.0,25.0,14.3444,117.2894,1.518,45.0,0.0,0.47937999999997555,34.716489999999716,0.0
273,30,3,0,73794.173,74005.371,211.2,6.0,15.0,27.6914,113.2258,-39.392,45.0,0.0,-39.65259499999993,41.25894400000129,0.0
274,31,3,1,85499.212,85527.773,28.6,5.0,28.0,14.1121,84.8442,43.411,45.0,0.0,44.97169598965067,37.66764683053063,0.0
275,32,3,0,49316.364,49395.307,78.9,6.0,17.0,26.818,83.0686,-41.482,45.0,0.0,-42.423928000000075,40.5692599999996,0.0
276,33,3,0,38019.282,38179.341,160.1,6.0,27.0,32.3598,127.0665,15.206,45.0,0.0,14.696796000000017,34.47389600000036,0.0
277,34,3,0,43847.355,44017.538,170.2,9.0,19.0,40.4556,108.7196,23.468,45.0,0.0,23.42486999999998,38.57532499999877,0.0
278,34,3,1,73623.525,73782.812,159.3,9.0,19.0,40.4556,108.7196,4.625,45.0,0.0,5.260324999999808,37.70000000000256,0.0
279,35,3,0,122.73,299.787,177.1,5.0,20.0,18.0541,73.6819,-27.657,45.0,0.0,-27.55343,38.607009999999995,0.0
280,35,3,1,49147.437,49319.332,171.9,5.0,20.0,18.0541,73.6819,-20.623,45.0,0.0,-21.714160999999898,37.64746000000081,0.0
281,35,3,2,85382.138,85559.47,177.3,5.0,20.0,18.0541,73.6819,-27.787,45.0,0.0,-27.688757999999943,38.6206299999977,0.0
282,37,3,0,55430.272,55625.079,194.8,9.0,28.0,46.8714,78.6721,-31.318,45.0,0.0,-32.50260799999989,35.745920000001085,0.0
283,37,3,1,79179.204,79345.025,165.8,9.0,28.0,46.8714,78.6721,14.129,45.0,0.0,15.11873199999993,33.913284000001006,0.0
284,38,3,0,73807.467,73965.735,158.3,5.0,28.0,30.5978,115.7772,-7.84,45.0,0.0,-7.05252299999987,33.63830199999793,0.0
285,39,3,0,37488.288,37685.407,197.1,5.0,21.0,5.9539,108.9432,36.989,45.0,0.0,37.17044,39.20485599999986,0.0
286,39,3,1,79966.931,80137.956,171.0,5.0,21.0,5.9539,108.9432,18.048,45.0,0.0,19.20927399999983,37.16539400000134,0.0
287,40,3,0,74230.578,74400.688,170.1,5.0,25.0,8.8333,131.4275,17.444,45.0,0.0,18.804055999999694,35.35758800000269,0.0
288,41,3,0,49702.286,49866.142,163.9,5.0,18.0,47.9251,94.5299,17.091,45.0,0.0,17.003998,38.586169999999974,0.0
289,41,3,1,73413.048,73582.79,169.7,5.0,18.0,47.9251,94.5299,-20.669,45.0,0.0,-20.689952000000005,38.83732800000186,0.0
290,42,3,0,74096.635,74274.961,178.3,8.0,26.0,13.5439,124.1826,-28.41,45.0,0.0,-28.255015000000057,36.43962000000204,0.0
291,44,3,0,0.0,181.097,181.1,6.0,29.0,27.633,74.0501,26.865,43.638,0.0,28.333,32.569,0.0
292,44,3,1,49274.436,49450.769,176.3,6.0,29.0,27.633,74.0501,28.288,45.0,0.0,28.20051199999999,35.092803999999376,0.0
293,44,3,2,85255.25,85440.528,185.3,6.0,29.0,27.633,74.0501,26.499,45.0,0.0,28.001,34.506,0.0
294,45,3,0,37535.317,37700.911,165.6,7.0,19.0,4.808,114.0441,-15.972,45.0,0.0,-17.026118000000146,37.80973899999882,0.0
295,46,3,0,43805.452,43971.897,166.4,7.0,18.0,38.1014,106.9506,20.943,45.0,0.0,20.818480000000026,38.78526800000098,0.0
296,46,3,1,73629.112,73802.015,172.9,7.0,18.0,38.1014,106.9506,-23.92,45.0,0.0,-23.886440000000032,39.048112000002355,0.0
297,47,3,0,43612.284,43653.383,41.1,5.0,22.0,21.3564,90.8003,45.0,-33.114,0.0,43.903948000000014,-40.0596559999999,0.0
298,48,3,0,37973.417,38129.479,156.1,6.0,27.0,28.9297,126.6068,-2.411,45.0,0.0,-3.46826300000005,33.75583199999936,0.0
299,49,3,0,38109.117,38282.055,172.9,9.0,19.0,37.9457,130.0882,25.541,45.0,0.0,25.524649000000004,38.72900800000062,0.0
300,49,3,1,67934.029,68117.291,183.3,9.0,19.0,37.9457,130.0882,-29.54,45.0,0.0,-29.653057999999987,39.134850000001755,0.0
301,50,3,0,37856.873,38035.264,178.4,9.0,29.0,25.1036,120.2971,29.475,45.0,0.0,29.416762000000002,35.27192700000016,0.0
302,50,3,1,73919.116,74076.448,157.3,9.0,29.0,25.1036,120.2971,-1.741,45.0,0.0,-0.6625920000002079,32.90349200000281,0.0
303,52,3,0,221.31799999999998,384.379,163.1,9.0,26.0,13.7217,77.3731,-17.367,45.0,0.0,-16.776732,35.22058200000001,0.0
304,52,3,1,85480.775,85644.019,163.2,9.0,26.0,13.7217,77.3731,-17.532,45.0,0.0,-16.94785000000015,35.2375750000026,0.0
305,53,3,0,43800.863,43999.839,199.0,6.0,18.0,35.2517,112.1693,-32.653,45.0,0.0,-33.572423999999884,39.43485400000083,0.0
306,53,3,1,73717.261,73875.432,158.2,6.0,18.0,35.2517,112.1693,-6.474,45.0,0.0,-6.004953000000038,38.2115090000006,0.0
307,54,3,0,279.427,449.229,169.8,8.0,24.0,12.1,81.7222,17.345,45.0,0.0,18.640204,35.79727699999999,0.0
308,54,3,1,85539.07,85708.692,169.6,8.0,24.0,12.1,81.7222,17.178,45.0,0.0,18.471640000000363,35.78935999999684,0.0
309,55,3,0,49429.156,49594.085,164.9,6.0,25.0,32.9607,83.2421,-15.109,45.0,0.0,-16.240708000000115,35.185147999998755,0.0
310,57,3,0,49814.854,49900.475,85.6,7.0,20.0,48.6871,110.6064,-42.005,45.0,0.0,-42.92572199999997,39.96158800000018,0.0
311,57,3,1,67624.222,67846.47,222.2,7.0,20.0,48.6871,110.6064,-40.622,45.0,0.0,-41.17432799999986,39.9858400000016,0.0
312,58,3,0,37805.889,37978.4,172.5,5.0,28.0,19.4666,122.564,-21.005,45.0,0.0,-22.500450000000143,34.15517099999868,0.0
313,58,3,1,74012.236,74172.462,160.2,5.0,28.0,19.4666,122.564,-13.285,45.0,0.0,-12.536919999999867,33.958719999997875,0.0
314,59,3,0,35.636,67.233,31.6,6.0,29.0,25.2855,78.7938,43.303,45.0,0.0,44.873163999999996,37.374564,0.0
315,59,3,1,49284.827,49464.173,179.3,6.0,29.0,25.2855,78.7938,-24.788,45.0,0.0,-26.30069599999988,34.16581200000111,0.0
316,59,3,2,85295.391,85328.394,33.0,6.0,29.0,25.2855,78.7938,43.235,45.0,0.0,44.80515900000016,37.36091799999902,0.0
317,60,3,0,37546.616,37748.375,201.8,5.0,15.0,5.3046,116.4907,-33.434,45.0,0.0,-34.3297280000001,40.406255999999395,0.0
318,62,3,0,49692.862,49884.572,191.7,8.0,16.0,49.423,93.0225,33.116,45.0,0.0,33.37806800000001,40.38960799999968,0.0
319,62,3,1,73388.136,73552.29,164.2,8.0,16.0,49.423,93.0225,-15.273,45.0,0.0,-15.211320000000008,39.35000800000056,0.0
320,63,3,0,43931.68,44088.388,156.7,5.0,19.0,43.0401,114.2996,4.986,45.0,0.0,4.559679999999992,37.70479999999987,0.0
321,64,3,0,43205.53,43393.201,187.7,9.0,27.0,3.9131,91.0598,-28.454,45.0,0.0,-30.01361999999994,35.408990000000486,0.0
322,66,3,0,49342.449,49572.231,229.8,6.0,21.0,28.1325,83.8035,-40.418,45.0,0.0,-41.55945000000003,39.272952999999845,0.0
323,67,3,0,43472.052,43644.034,172.0,8.0,18.0,20.9922,94.3321,26.233,45.0,0.0,26.115479999999966,39.135759999998776,0.0
324,67,3,1,79615.704,79818.508,202.8,8.0,18.0,20.9922,94.3321,-37.443,45.0,0.0,-37.658335999999984,40.228728000000615,0.0
325,68,3,0,49596.232,49820.379,224.1,9.0,19.0,40.2505,95.3617,-39.329,45.0,0.0,-40.27890400000017,39.835167999998916,0.0
326,69,3,0,44030.247,44059.839,29.6,5.0,17.0,52.7812,117.9399,44.122,45.0,0.0,44.659163000000085,41.166237999999254,0.0
327,69,3,1,49929.209,50133.611,204.4,5.0,17.0,52.7812,117.9399,-34.611,45.0,0.0,-35.29473300000009,40.09532899999918,0.0
328,69,3,3,67676.118,67846.651,170.5,5.0,17.0,52.7812,117.9399,18.458,45.0,0.0,19.037894000000072,38.99191799999912,0.0
329,70,3,0,43926.2,44149.856,223.7,5.0,28.0,40.8692,120.1144,-39.226,45.0,0.0,-40.57679999999987,36.99280000000096,0.0
330,71,3,0,38088.512,38110.479,22.0,8.0,17.0,40.2547,127.7624,44.406,45.0,0.0,44.87880000000006,41.202071999999404,0.0
331,71,3,1,67887.459,68068.619,181.2,8.0,17.0,40.2547,127.7624,-28.364,45.0,0.0,-28.46437700000001,39.73118599999911,0.0
332,72,3,0,37527.512,37688.001,160.5,8.0,17.0,5.8614,111.3663,17.399,45.0,0.0,17.01019999999994,38.94617599999902,0.0
333,72,3,1,79969.247,80182.619,213.4,8.0,17.0,5.8614,111.3663,35.73,45.0,0.0,36.725832000000175,40.00821899999902,0.0
334,73,3,0,67851.32,68057.86,206.5,9.0,28.0,40.4201,125.4076,-37.48,45.0,0.0,-37.96416000000009,37.104399999997696,0.0
335,74,3,0,43586.022,43741.384,155.4,8.0,23.0,25.2634,99.8815,-0.253,45.0,0.0,-1.1518799999998883,35.703440000001336,0.0
336,74,3,1,79615.775,79806.512,190.7,8.0,23.0,25.2634,99.8815,28.772,45.0,0.0,30.010749999999707,37.217075000002254,0.0
337,76,3,0,49383.641,49559.412,175.8,6.0,21.0,33.3468,78.0885,27.568,45.0,0.0,27.558435999999986,38.152906999998784,0.0
338,77,3,0,49560.045,49752.554,192.5,5.0,19.0,38.8705,91.4198,-30.417,45.0,0.0,-31.338069999999917,38.911755000000625,0.0
339,77,3,1,79357.382,79567.277,209.9,5.0,19.0,38.8705,91.4198,35.314,45.0,0.0,36.285335999999894,39.393704000000724,0.0
340,79,3,0,350.776,537.275,186.5,9.0,23.0,8.2785,84.795,26.756,45.0,0.0,28.066904,36.983599999999996,0.0
341,79,3,1,43188.081,43413.782,225.7,9.0,23.0,8.2785,84.795,43.707,45.0,0.0,44.17137699999997,39.589454000000444,0.0
342,80,3,0,74157.427,74355.617,198.2,7.0,17.0,9.1082,125.4177,-36.331,45.0,0.0,-36.47113499999998,40.42375400000118,0.0
343,82,3,0,38151.869,38313.871,162.0,6.0,25.0,39.2334,132.6339,16.555,45.0,0.0,16.23496500000002,35.53368800000055,0.0
344,82,3,1,67954.091,68112.184,158.1,6.0,25.0,39.2334,132.6339,-4.939,45.0,0.0,-4.303542999999991,35.013410999999834,0.0
345,83,3,0,55535.182,55702.06,166.9,5.0,28.0,51.621,84.0481,-16.241,45.0,0.0,-17.09209600000002,34.08009599999967,0.0
346,83,3,1,73278.679,73465.31,186.6,5.0,28.0,51.621,84.0481,-29.757,45.0,0.0,-30.17446900000004,35.835226999998554,0.0
347,85,3,0,74097.499,74279.609,182.1,6.0,17.0,16.241,128.4509,24.817,45.0,0.0,25.771945999999794,39.18488100000146,0.0
348,86,3,0,43600.317,43766.239,165.9,9.0,15.0,25.4492,101.7806,-16.183,45.0,0.0,-16.938850000000134,39.53229799999889,0.0
349,86,3,1,79610.655,79839.363,228.7,9.0,15.0,25.4492,101.7806,39.572,45.0,0.0,40.417369999999934,40.979050000000335,0.0
350,87,3,0,38085.546,38311.421,225.9,9.0,15.0,39.6653,127.7769,42.84,45.0,0.0,43.22555800000005,41.53049999999948,0.0
351,87,3,1,67890.695,68078.977,188.3,9.0,15.0,39.6653,127.7769,-31.546,45.0,0.0,-31.702560000000055,40.63029499999777,0.0
352,88,3,0,49328.777,49496.894,168.1,7.0,21.0,27.7288,79.5786,-17.893,45.0,0.0,-18.936296000000088,37.1053359999992,0.0
353,89,3,0,43605.638,43774.978,169.3,7.0,18.0,25.662,102.2507,-18.816,45.0,0.0,-19.73889999999995,38.41350600000041,0.0
354,89,3,1,79605.338,79667.043,61.7,7.0,18.0,25.662,102.2507,42.017,45.0,0.0,43.02191400000018,40.370021999999054,0.0
355,90,3,0,49658.556,49872.366,213.8,7.0,20.0,49.0718,90.5329,39.645,45.0,0.0,40.12367599999994,39.83387200000091,0.0
356,90,3,1,73360.699,73542.607,181.9,7.0,20.0,49.0718,90.5329,-27.89,45.0,0.0,-28.115591999999946,38.62466100000244,0.0
357,91,3,0,0.0,172.228,172.2,6.0,18.0,29.9721,74.5827,40.308,28.862,0.0,40.986,20.742,0.0
358,91,3,1,49302.407,49493.429,191.0,6.0,18.0,29.9721,74.5827,34.393,45.0,0.0,34.55844199999999,39.85616700000024,0.0
359,91,3,2,85211.24,85431.62,220.4,6.0,18.0,29.9721,74.5827,37.823,45.0,0.0,38.80648000000027,39.92635999999837,0.0
360,92,3,0,85.849,244.624,158.8,8.0,28.0,22.2589,74.7176,4.504,45.0,0.0,5.726356,33.378651,0.0
361,92,3,1,49219.065,49376.991,157.9,8.0,28.0,22.2589,74.7176,-7.242,45.0,0.0,-8.527990000000107,33.28378499999881,0.0
362,92,3,2,85345.424,85504.15,158.7,8.0,28.0,22.2589,74.7176,4.331,45.0,0.0,5.549655999999959,33.377880000000474,0.0
363,93,3,0,74115.758,74315.792,200.0,9.0,27.0,15.2495,129.9946,31.978,45.0,0.0,33.489416000000084,36.03141199999937,0.0
364,94,3,0,367.398,527.85,160.5,9.0,29.0,5.9736,81.7839,-14.021,45.0,0.0,-13.183264,33.54176599999999,0.0
365,95,3,0,142.894,369.011,226.1,8.0,20.0,19.5881,80.9307,38.967,45.0,0.0,40.099275999999996,39.40086,0.0
366,95,3,1,85402.635,85628.381,225.7,8.0,20.0,19.5881,80.9307,38.878,45.0,0.0,40.009654999999725,39.39115000000162,0.0
367,96,3,0,43916.057,44073.117,157.1,9.0,23.0,41.8654,114.0772,-2.574,45.0,0.0,-3.275710000000021,35.805981999999666,0.0
368,96,3,1,73614.348,73845.019,230.7,9.0,23.0,41.8654,114.0772,40.233,45.0,0.0,41.398355999999914,38.74951200000057,0.0
369,97,3,0,278.863,439.223,160.4,8.0,22.0,10.8385,79.2819,-13.907,45.0,0.0,-13.30211,36.746731999999994,0.0
370,97,3,1,85538.338,85698.849,160.5,8.0,22.0,10.8385,79.2819,-14.082,45.0,0.0,-13.4818599999999,36.75895599999852,0.0
371,98,3,0,43865.306,44060.244,194.9,9.0,27.0,38.3464,115.0342,-31.29,45.0,0.0,-32.58246399999987,36.015660000001226,0.0
372,98,3,1,73683.163,73880.671,197.5,9.0,27.0,38.3464,115.0342,31.491,45.0,0.0,32.81633500000002,36.07791899999982,0.0
373,0,4,0,54906.049,55089.935,183.9,8.0,27.0,48.7106,83.0587,-26.253,45.0,0.0,-27.30471499999997,35.59676300000038,0.0
374,0,4,1,78590.987,78794.306,203.3,8.0,27.0,48.7106,83.0587,34.129,45.0,0.0,35.35645399999974,36.49173200000229,0.0
375,1,4,0,73200.282,73378.183,177.9,6.0,22.0,34.0627,119.5414,23.971,45.0,0.0,25.064254000000304,37.11653399999731,0.0
376,2,4,0,36981.749,37165.072,183.3,7.0,22.0,5.4387,117.8781,-25.297,45.0,0.0,-26.56119500000019,37.28665099999862,0.0
377,3,4,0,37021.213,37193.844,172.6,9.0,15.0,7.6733,118.3128,-19.341,45.0,0.0,-20.186715000000188,39.705503999998676,0.0
378,4,4,0,42986.912,43146.524,159.6,5.0,18.0,24.2359,100.2937,12.291,45.0,0.0,11.842288000000087,38.41534400000139,0.0
379,4,4,1,79062.93,79221.588,158.7,5.0,18.0,24.2359,100.2937,8.02,45.0,0.0,8.848779999999678,38.02766000000306,0.0
380,5,4,0,42768.629,42930.275,161.6,7.0,18.0,11.3741,95.1998,-9.467,45.0,0.0,-10.37545000000004,38.16752999999965,0.0
381,6,4,0,37443.223,37626.59,183.4,8.0,29.0,33.3939,128.063,30.192,45.0,0.0,30.267554000000004,35.568030000000725,0.0
382,7,4,0,42656.02,42818.234,162.2,6.0,18.0,5.1778,92.0662,-10.037,45.0,0.0,-10.969019999999837,38.17934000000139,0.0
383,8,4,0,49009.44,49118.911,109.5,6.0,25.0,39.2546,97.2402,-41.15,45.0,0.0,-42.399240000000106,38.367999999999306,0.0
384,9,4,0,43199.219,43399.333,200.1,6.0,22.0,38.0492,106.5434,36.077,45.0,0.0,36.394408999999975,38.871577000000855,0.0
385,9,4,1,73023.001,73228.456,205.5,6.0,22.0,38.0492,106.5434,-37.872,45.0,0.0,-38.266014000000055,39.01168999999881,0.0
386,10,4,0,49229.251,49388.011,158.8,9.0,27.0,50.8708,104.0693,5.148,45.0,0.0,4.7419840000000555,34.15601400000167,0.0
387,10,4,2,72859.098,73063.296,204.2,9.0,27.0,50.8708,104.0693,34.425,45.0,0.0,35.62291999999992,36.565328000000676,0.0
388,11,4,0,37365.176,37564.898,199.7,8.0,25.0,25.9659,130.8721,-32.005,45.0,0.0,-33.34479999999997,36.9020000000002,0.0
389,12,4,0,79223.292,79381.773,158.5,5.0,28.0,15.5628,105.3221,8.011,45.0,0.0,9.377016000000062,33.249079999999346,0.0
390,13,4,0,37057.249,37253.213,196.0,6.0,25.0,9.5529,120.7265,-30.536,45.0,0.0,-31.967446000000187,36.64963699999867,0.0
391,14,4,0,72958.101,73149.545,191.4,7.0,24.0,41.7848,103.2516,-33.189,45.0,0.0,-33.49490899999996,37.73454900000172,0.0
392,15,4,0,36953.843,37097.935,144.1,9.0,28.0,4.0357,119.4982,-39.912,45.0,0.0,-41.50983600000004,37.01718199999976,0.0
393,16,4,0,37406.387,37626.169,219.8,5.0,27.0,33.4213,125.789,41.311,45.0,0.0,41.851805000000034,38.16099599999929,0.0
394,17,4,0,85154.37,85190.748,36.4,5.0,16.0,7.5029,78.5092,-45.0,-34.818,0.0,-44.16965000000025,-39.737449999998674,0.0
395,18,4,0,79375.769,79531.25,155.5,9.0,22.0,6.9511,109.1789,1.32,45.0,0.0,2.3213740000000107,36.11380099999989,0.0
396,19,4,0,79203.836,79414.77,210.9,8.0,25.0,12.3196,101.3714,-40.537,45.0,0.0,-40.89519599999995,38.474872000001284,0.0
397,20,4,0,43489.665,43648.001,158.3,8.0,18.0,48.2772,124.5439,0.379,45.0,0.0,-0.01363000000001921,38.194714999999626,0.0
398,20,4,1,67198.138,67355.453,157.3,8.0,18.0,48.2772,124.5439,0.517,45.0,0.0,0.9313120000001509,38.10955599999725,0.0
399,21,4,0,37324.827,37486.845,162.0,7.0,20.0,25.6611,124.7901,15.781,45.0,0.0,15.381806000000056,37.75196800000104,0.0
400,21,4,1,73358.22,73529.36,171.1,7.0,20.0,25.6611,124.7901,20.004,45.0,0.0,21.04500000000006,37.61593999999951,0.0
401,24,4,0,36951.92,37110.416,158.5,6.0,24.0,4.9619,113.9981,10.548,45.0,0.0,9.76680000000006,35.702560000000794,0.0
402,24,4,1,79421.292,79627.79,206.5,6.0,24.0,4.9619,113.9981,34.74,45.0,0.0,36.12976800000007,37.393003999999536,0.0
403,25,4,0,73612.024,73771.957,159.9,6.0,25.0,11.6357,131.6118,10.048,45.0,0.0,11.324200000000245,34.80226399999761,0.0
404,26,4,0,48767.528,48939.717,172.2,9.0,17.0,30.3929,78.8291,24.357,45.0,0.0,24.265776000000013,39.469808000000576,0.0
405,27,4,0,43271.017,43450.493,179.5,7.0,16.0,40.468,110.3396,27.835,45.0,0.0,27.909034,40.062152000000054,0.0
406,27,4,1,73053.377,73209.875,156.5,7.0,16.0,40.468,110.3396,-0.844,45.0,0.0,-0.3880670000001992,38.935021000002926,0.0
407,28,4,0,37102.192,37273.765,171.6,6.0,25.0,14.3444,117.2894,24.627,45.0,0.0,24.34511999999996,36.414855999998885,0.0
408,31,4,0,84940.275,85135.418,195.1,5.0,28.0,14.1121,84.8442,31.311,45.0,0.0,32.8912999999997,35.374625000002354,0.0
409,32,4,0,48749.365,48942.225,192.9,6.0,17.0,26.818,83.0686,-29.584,45.0,0.0,-30.502979999999894,39.57379000000072,0.0
410,33,4,0,37419.774,37606.389,186.6,6.0,27.0,32.3598,127.0665,31.642,45.0,0.0,31.769773999999998,36.54716800000088,0.0
411,34,4,0,43247.798,43446.942,199.1,9.0,19.0,40.4556,108.7196,35.639,45.0,0.0,35.92857600000003,39.75701399999923,0.0
412,34,4,1,73037.997,73197.454,159.5,9.0,19.0,40.4556,108.7196,-12.217,45.0,0.0,-11.916053999999946,37.92027199999871,0.0
413,35,4,0,48567.062,48724.02,157.0,5.0,20.0,18.0541,73.6819,2.277,45.0,0.0,1.4985200000000767,37.25003800000086,0.0
414,35,4,1,84773.858,84992.545,218.7,5.0,20.0,18.0541,73.6819,-42.102,45.0,0.0,-42.477727999999885,40.13434000000191,0.0
415,37,4,0,54853.304,55029.072,175.8,9.0,28.0,46.8714,78.6721,-21.796,45.0,0.0,-22.868639999999875,34.650632000001565,0.0
416,37,4,1,78599.084,78756.295,157.2,9.0,28.0,46.8714,78.6721,0.498,45.0,0.0,1.185100000000064,33.408495999998706,0.0
417,38,4,0,73213.013,73387.003,174.0,5.0,28.0,30.5978,115.7772,-26.401,45.0,0.0,-26.28989599999995,35.24453999999736,0.0
418,39,4,1,79387.218,79542.4,155.2,5.0,21.0,5.9539,108.9432,-6.639,45.0,0.0,-5.849498000000254,36.728502000003004,0.0
419,40,4,0,73650.415,73805.681,155.3,5.0,25.0,8.8333,131.4275,-7.131,45.0,0.0,-6.206815000000249,34.85731000000311,0.0
420,41,4,0,49108.819,49290.653,181.8,5.0,18.0,47.9251,94.5299,28.406,45.0,0.0,28.576733000000022,39.409806999998914,0.0
421,41,4,1,72819.33,73004.875,185.5,5.0,18.0,47.9251,94.5299,-30.192,45.0,0.0,-30.441630000000018,39.4968099999994,0.0
422,42,4,0,37129.74,37352.025,222.3,8.0,26.0,13.5439,124.1826,-38.013,45.0,0.0,-39.485479999999896,37.36510000000068,0.0
423,42,4,1,73486.86,73708.799,221.9,8.0,26.0,13.5439,124.1826,-42.873,45.0,0.0,-43.35004000000001,38.597479999999834,0.0
424,43,4,0,43067.944,43111.578,43.6,7.0,27.0,26.9336,110.0203,-42.777,45.0,0.0,-44.226256000000156,37.96651999999907,0.0
425,44,4,0,48667.213,48885.559,218.3,6.0,29.0,27.633,74.0501,41.21,45.0,0.0,41.733769000000045,37.55388699999899,0.0
426,44,4,1,84682.861,84841.407,158.5,6.0,29.0,27.633,74.0501,7.679,45.0,0.0,8.954023000000191,32.794028999997735,0.0
427,45,4,0,36950.505,37108.51,158.0,7.0,19.0,4.808,114.0441,9.271,45.0,0.0,8.630820000000094,37.86985000000113,0.0
428,45,4,1,79424.122,79629.978,205.9,7.0,19.0,4.808,114.0441,34.555,45.0,0.0,35.67083200000017,39.13490999999895,0.0
429,46,4,0,43205.813,43400.738,194.9,7.0,18.0,38.1014,106.9506,34.403,45.0,0.0,34.630130000000015,39.944343999999404,0.0
430,46,4,1,73029.394,73228.44,199.0,7.0,18.0,38.1014,106.9506,-36.04,45.0,0.0,-36.326122000000005,40.02804199999993,0.0
431,48,4,0,37382.185,37546.839,164.7,6.0,27.0,28.9297,126.6068,18.471,45.0,0.0,18.043485000000043,34.93075000000105,0.0
432,48,4,1,73296.849,73359.592,62.7,6.0,27.0,28.9297,126.6068,41.998,45.0,0.0,43.4604500000001,37.630809999999386,0.0
433,49,4,0,37507.415,37713.009,205.6,9.0,19.0,37.9457,130.0882,37.679,45.0,0.0,38.00681000000001,39.977574999999746,0.0
434,49,4,1,67331.784,67545.452,213.7,9.0,19.0,37.9457,130.0882,-39.936,45.0,0.0,-40.34211199999999,40.1559120000001,0.0
435,50,4,0,37247.897,37470.863,223.0,9.0,29.0,25.1036,120.2971,42.249,45.0,0.0,42.80645499999996,37.76876700000081,0.0
436,50,4,1,73327.027,73494.901,167.9,9.0,29.0,25.1036,120.2971,-22.93,45.0,0.0,-22.58956799999997,34.33087699999917,0.0
437,52,4,0,48498.956,48538.969,40.0,9.0,26.0,13.7217,77.3731,-42.841,45.0,0.0,-44.30471199999992,38.204936000000494,0.0
438,52,4,1,84877.303,85072.474,195.2,9.0,26.0,13.7217,77.3731,-36.224,45.0,0.0,-36.402606,37.441980000000044,0.0
439,53,4,0,43227.235,43398.588,171.4,6.0,18.0,35.2517,112.1693,-18.663,45.0,0.0,-19.492340000000024,38.55982499999976,0.0
440,53,4,1,73124.77,73295.493,170.7,6.0,18.0,35.2517,112.1693,-23.928,45.0,0.0,-23.86360999999997,38.98147999999847,0.0
441,54,4,0,84959.088,85114.341,155.3,8.0,24.0,12.1,81.7222,-7.085,45.0,0.0,-6.212655999999872,35.33667199999837,0.0
442,55,4,0,48846.104,49003.63,157.5,6.0,25.0,32.9607,83.2421,4.473,45.0,0.0,3.7216720000000207,35.02518400000031,0.0
443,56,4,0,42694.629,42734.306,39.7,7.0,20.0,7.2345,97.8179,-42.833,45.0,0.0,-43.99059500000005,39.91587999999977,0.0
444,57,4,0,49238.673,49453.236,214.6,7.0,20.0,48.6871,110.6064,-36.832,45.0,0.0,-37.72126600000011,39.383350999999216,0.0
445,58,4,0,37225.64,37382.671,157.0,5.0,28.0,19.4666,122.564,1.528,45.0,0.0,0.4207600000000239,33.44236000000029,0.0
446,58,4,1,73412.064,73597.836,185.8,5.0,28.0,19.4666,122.564,-32.695,45.0,0.0,-32.74674400000001,36.16087200000057,0.0
447,59,4,0,48707.537,48866.363,158.8,6.0,29.0,25.2855,78.7938,-4.696,45.0,0.0,-5.924553999999858,32.95074100000171,0.0
448,59,4,1,84735.46,84933.176,197.7,6.0,29.0,25.2855,78.7938,32.257,45.0,0.0,33.82254000000031,35.17545999999744,0.0
449,60,4,0,36976.0,37141.49,165.5,5.0,15.0,5.3046,116.4907,-13.625,45.0,0.0,-14.435,39.52,0.0
450,61,4,0,84872.312,85072.079,199.8,5.0,18.0,17.8352,83.1239,32.882,45.0,0.0,33.916160000000296,39.331799999998125,0.0
451,62,4,0,49095.231,49314.962,219.7,8.0,16.0,49.423,93.0225,40.488,45.0,0.0,40.906544,41.09532300000006,0.0
452,62,4,1,72796.89,72972.614,175.7,8.0,16.0,49.423,93.0225,-25.167,45.0,0.0,-25.308339999999998,39.83127000000021,0.0
453,63,4,0,43340.62,43508.558,167.9,5.0,19.0,43.0401,114.2996,20.149,45.0,0.0,20.06265999999998,38.44195999999897,0.0
454,63,4,1,73026.636,73239.518,212.9,5.0,19.0,43.0401,114.2996,36.736,45.0,0.0,37.69189199999994,39.51184400000045,0.0
455,64,4,0,0.0,80.755,80.8,9.0,27.0,3.9131,91.0598,42.889,-17.706,0.0,42.961,-29.333,0.0
456,64,4,1,42630.918,42790.592,159.7,9.0,27.0,3.9131,91.0598,-6.227,45.0,0.0,-7.553063999999897,33.94226200000106,0.0
457,64,4,2,85123.338,85341.985,218.6,9.0,27.0,3.9131,91.0598,37.851,45.0,0.0,39.39757600000018,36.802699999998815,0.0
458,66,4,0,48774.549,48963.838,189.3,6.0,21.0,28.1325,83.8035,-28.19,45.0,0.0,-29.296449999999954,38.001478000000354,0.0
459,67,4,0,42863.327,43078.617,215.3,8.0,18.0,20.9922,94.3321,40.714,45.0,0.0,41.031904999999966,40.60703700000067,0.0
460,68,4,0,49024.104,49217.462,193.4,9.0,19.0,40.2505,95.3617,-29.982,45.0,0.0,-30.885679999999972,38.96987200000023,0.0
461,69,4,0,49349.524,49540.187,190.7,5.0,17.0,52.7812,117.9399,-29.465,45.0,0.0,-30.109339999999918,39.716220000000824,0.0
462,69,4,1,67097.247,67257.681,160.4,5.0,17.0,52.7812,117.9399,8.569,45.0,0.0,9.011175000000076,38.64027199999872,0.0
463,70,4,0,43353.681,43547.18,193.5,5.0,28.0,40.8692,120.1144,-30.047,45.0,0.0,-31.33460199999987,35.608686000001235,0.0
464,71,4,0,67286.848,67495.556,208.7,8.0,17.0,40.2547,127.7624,-38.546,45.0,0.0,-38.89926399999997,40.57732000000053,0.0
465,72,4,0,36920.143,37118.291,198.1,8.0,17.0,5.8614,111.3663,36.341,45.0,0.0,36.48671499999998,40.450529000001076,0.0
466,72,4,1,79404.042,79572.445,168.4,8.0,17.0,5.8614,111.3663,17.977,45.0,0.0,18.931310000000067,38.72648599999947,0.0
467,74,4,0,42992.855,43160.386,167.5,8.0,23.0,25.2634,99.8815,21.272,45.0,0.0,20.976319999999948,36.90330499999869,0.0
468,74,4,1,79045.011,79205.203,160.2,8.0,23.0,25.2634,99.8815,10.171,45.0,0.0,11.249505999999936,35.80979700000066,0.0
469,75,4,0,84545.9,84622.719,76.8,7.0,28.0,35.2783,74.2256,41.637,45.0,0.0,43.10619999999972,37.30050000000183,0.0
470,76,4,0,48779.167,48992.687,213.5,6.0,21.0,33.3468,78.0885,39.905,45.0,0.0,40.29950500000002,39.67123799999963,0.0
471,77,4,0,48984.768,49153.826,169.1,5.0,19.0,38.8705,91.4198,-16.937,45.0,0.0,-17.75025599999985,38.08658400000149,0.0
472,77,4,1,78789.704,78966.222,176.5,5.0,19.0,38.8705,91.4198,23.172,45.0,0.0,24.069679999999906,38.31151200000083,0.0
473,78,4,0,48721.785,48947.316,225.5,6.0,22.0,25.3569,83.8269,-38.85,45.0,0.0,-40.05603500000018,38.84107999999891,0.0
474,79,4,0,85037.94,85194.473,156.5,9.0,23.0,8.2785,84.795,4.433,45.0,0.0,5.534120000000112,35.64255999999889,0.0
475,80,4,0,73775.179,73793.788,18.6,7.0,17.0,9.1082,125.4177,-45.0,-40.36,0.0,-44.01708099999977,-44.63117000000086,0.0
476,82,4,0,37554.445,37740.245,185.8,6.0,25.0,39.2334,132.6339,30.885,45.0,0.0,31.05789,37.17557500000011,0.0
477,82,4,1,67363.338,67530.983,167.6,6.0,25.0,39.2334,132.6339,-21.247,45.0,0.0,-21.101619999999965,35.951335999998555,0.0
478,83,4,0,54953.092,55113.326,160.2,5.0,28.0,51.621,84.0481,-6.319,45.0,0.0,-6.985115999999929,33.657644000001525,0.0
479,83,4,1,72684.971,72886.937,202.0,5.0,28.0,51.621,84.0481,-35.498,45.0,0.0,-36.125478000000086,36.704004999998276,0.0
480,84,4,0,43031.865,43186.504,154.6,9.0,27.0,25.0702,107.9634,-40.277,45.0,0.0,-41.738384999999894,37.484795000000645,0.0
481,85,4,0,73523.544,73679.535,156.0,6.0,17.0,16.241,128.4509,2.947,45.0,0.0,3.7104799999997486,38.40064000000246,0.0
482,86,4,0,43017.197,43174.539,157.3,9.0,15.0,25.4492,101.7806,5.681,45.0,0.0,5.198498999999996,39.468638999999946,0.0
483,86,4,1,79047.904,79230.603,182.7,9.0,15.0,25.4492,101.7806,26.383,45.0,0.0,27.205911999999735,39.968232000001834,0.0
484,87,4,0,67288.546,67507.035,218.5,9.0,15.0,39.6653,127.7769,-40.882,45.0,0.0,-41.245012000000045,41.34885599999945,0.0
485,88,4,0,48747.036,48904.245,157.2,7.0,21.0,27.7288,79.5786,3.067,45.0,0.0,2.348739999999998,36.833619999999975,0.0
486,88,4,1,84686.705,84727.496,40.8,7.0,21.0,27.7288,79.5786,42.876,45.0,0.0,44.03966000000009,39.562369999999504,0.0
487,89,4,0,43024.269,43181.417,157.1,7.0,18.0,25.662,102.2507,2.599,45.0,0.0,1.9603159999999915,38.150715999999896,0.0
488,89,4,1,79044.363,79236.618,192.3,7.0,18.0,25.662,102.2507,30.335,45.0,0.0,31.329875999999874,39.14223100000089,0.0
489,90,4,0,49270.038,49305.66,35.6,7.0,20.0,49.0718,90.5329,45.0,-35.547,0.0,44.10817599999998,-41.25180400000012,0.0
490,90,4,1,54948.195,55000.62,52.4,7.0,20.0,49.0718,90.5329,-42.843,45.0,0.0,-43.76938499999999,40.131545000000074,0.0
491,90,4,2,72765.541,72965.553,200.0,7.0,20.0,49.0718,90.5329,-35.236,45.0,0.0,-35.659737999999955,39.32796200000082,0.0
492,91,4,1,84646.78,84825.719,178.9,6.0,18.0,29.9721,74.5827,24.55,45.0,0.0,25.48999999999994,38.73658000000046,0.0
493,92,4,0,48629.813,48791.591,161.8,8.0,28.0,22.2589,74.7176,15.695,45.0,0.0,15.06586199999995,34.206141999999105,0.0
494,92,4,1,84757.006,84919.23,162.2,8.0,28.0,22.2589,74.7176,-18.338,45.0,0.0,-17.797856000000145,34.24419200000283,0.0
495,93,4,0,73547.535,73709.967,162.4,9.0,27.0,15.2495,129.9946,12.934,45.0,0.0,14.329750000000175,33.96131499999828,0.0
496,94,4,0,85024.479,85214.496,190.0,9.0,29.0,5.9736,81.7839,-34.624,45.0,0.0,-34.69956299999998,36.11764399999758,0.0
497,95,4,0,48609.527,48649.026,39.5,8.0,20.0,19.5881,80.9307,-42.9,45.0,0.0,-44.0274580000001,39.954020999999486,0.0
498,95,4,1,84839.941,85018.46,178.5,8.0,20.0,19.5881,80.9307,24.345,45.0,0.0,25.45387300000033,37.879717999997524,0.0
499,96,4,0,43327.893,43489.699,161.8,9.0,23.0,41.8654,114.0772,13.727,45.0,0.0,13.410712000000059,36.37586600000158,0.0
500,96,4,1,73048.847,73242.789,193.9,9.0,23.0,41.8654,114.0772,30.984,45.0,0.0,32.09611499999974,37.47806900000213,0.0
501,97,4,0,84936.499,85125.585,189.1,8.0,22.0,10.8385,79.2819,-34.233,45.0,0.0,-34.315,38.50983700000129,0.0
502,98,4,0,43290.419,43460.746,170.3,9.0,27.0,38.3464,115.0342,-17.922,45.0,0.0,-19.081760000000067,34.66551699999923,0.0
503,98,4,1,73113.099,73281.336,168.2,9.0,27.0,38.3464,115.0342,17.715,45.0,0.0,18.903158000000083,34.45156899999907,0.0
504,99,4,0,48739.79,48815.014,75.2,7.0,27.0,26.2975,85.2012,-41.578,45.0,0.0,-43.031500000000044,37.732259999999734,0.0
505,0,5,0,54072.874,54235.664,162.8,8.0,27.0,48.7106,83.0587,-11.786,45.0,0.0,-12.6173460000001,34.24197599999837,0.0
506,0,5,1,77726.115,77897.045,170.9,8.0,27.0,48.7106,83.0587,19.555,45.0,0.0,20.576025000000183,34.738559999997605,0.0
507,1,5,0,42420.208,42457.367,37.2,6.0,22.0,34.0627,119.5414,-43.148,45.0,0.0,-44.29919199999994,39.41813600000036,0.0
508,1,5,1,72338.205,72493.74,155.5,6.0,22.0,34.0627,119.5414,-2.987,45.0,0.0,-2.3022349999999423,36.236059999999185,0.0
509,2,5,0,36182.976,36336.882,153.9,7.0,22.0,5.4387,117.8781,6.96,45.0,0.0,6.131935999999907,36.19720799999889,0.0
510,2,5,1,78559.348,78776.463,217.1,7.0,22.0,5.4387,117.8781,38.084,45.0,0.0,39.3751399999999,38.46376800000062,0.0
511,3,5,0,36215.556,36372.579,157.0,9.0,15.0,7.6733,118.3128,14.212,45.0,0.0,13.799320000000094,39.54682000000127,0.0
512,4,5,0,42144.869,42343.073,198.2,5.0,18.0,24.2359,100.2937,37.153,45.0,0.0,37.36182099999999,40.10830000000037,0.0
513,4,5,1,78172.913,78341.679,168.8,5.0,18.0,24.2359,100.2937,-24.138,45.0,0.0,-23.985956999999996,38.95288599999983,0.0
514,5,5,0,41942.324,42109.441,167.1,7.0,18.0,11.3741,95.1998,24.019,45.0,0.0,23.790815999999992,38.909583999999796,0.0
515,6,5,0,36778.805,36842.482,63.7,8.0,29.0,33.3939,128.063,45.0,-24.191,0.0,43.81796999999998,-35.194675000000096,0.0
516,7,5,0,41830.172,41997.076,166.9,6.0,18.0,5.1778,92.0662,24.113,45.0,0.0,23.87224800000002,38.90578000000052,0.0
517,7,5,1,84239.929,84417.544,177.6,6.0,18.0,5.1778,92.0662,24.715,45.0,0.0,25.770953000000212,38.620115999998525,0.0
518,8,5,0,48198.257,48385.958,187.7,6.0,25.0,39.2546,97.2402,-28.429,45.0,0.0,-29.595050999999906,36.44745700000088,0.0
519,8,5,1,77933.151,78144.31,211.2,6.0,25.0,39.2546,97.2402,36.355,45.0,0.0,37.62709699999991,37.421452000000684,0.0
520,10,5,0,48392.619,48561.81,169.2,9.0,27.0,50.8708,104.0693,21.095,45.0,0.0,21.125762,35.126116000000536,0.0
521,10,5,1,72003.623,72177.586,174.0,9.0,27.0,50.8708,104.0693,21.574,45.0,0.0,22.581182000000233,34.95425699999697,0.0
522,11,5,0,36571.814,36730.033,158.2,8.0,25.0,25.9659,130.8721,-7.787,45.0,0.0,-8.904815999999933,34.77921000000073,0.0
523,11,5,1,72511.153,72726.485,215.3,8.0,25.0,25.9659,130.8721,37.508,45.0,0.0,38.88965000000028,37.463061999998025,0.0
524,12,5,0,42058.066,42133.247,75.2,5.0,28.0,15.5628,105.3221,-41.452,45.0,0.0,-43.01236599999994,37.12961600000036,0.0
525,12,5,1,78331.448,78502.725,171.3,5.0,28.0,15.5628,105.3221,-26.477,45.0,0.0,-26.219727999999943,35.151495999998325,0.0
526,13,5,0,36264.306,36418.602,154.3,6.0,25.0,9.5529,120.7265,-1.189,45.0,0.0,-2.3220759999998553,34.58500000000157,0.0
527,14,5,0,48262.941,48488.326,225.4,7.0,24.0,41.7848,103.2516,-39.534,45.0,0.0,-40.694403999999956,38.352408000000345,0.0
528,14,5,1,72059.379,72087.822,28.4,7.0,24.0,41.7848,103.2516,-44.209,45.0,0.0,-44.89309600000002,39.40870199999979,0.0
529,15,5,0,36172.798,36339.0,166.2,9.0,28.0,4.0357,119.4982,-17.424,45.0,0.0,-18.975294000000133,33.66096999999879,0.0
530,15,5,1,78582.079,78627.184,45.1,9.0,28.0,4.0357,119.4982,42.555,45.0,0.0,44.15718699999989,37.26295700000066,0.0
531,16,5,0,72371.597,72583.042,211.4,5.0,27.0,33.4213,125.789,36.471,45.0,0.0,37.89365599999972,36.669468000002034,0.0
532,18,5,0,78476.229,78659.114,182.9,9.0,22.0,6.9511,109.1789,-32.561,45.0,0.0,-32.572083999999975,38.24693399999765,0.0
533,19,5,0,42000.225,42190.139,189.9,8.0,25.0,12.3196,101.3714,-29.785,45.0,0.0,-31.208924999999923,36.33232500000059,0.0
534,20,5,0,42664.375,42829.951,165.6,8.0,18.0,48.2772,124.5439,18.447,45.0,0.0,18.393125,38.670375,0.0
535,20,5,1,66331.433,66496.171,164.7,8.0,18.0,48.2772,124.5439,-17.268,45.0,0.0,-17.220834999999976,38.60893399999818,0.0
536,21,5,0,36491.464,36695.463,204.0,7.0,20.0,25.6611,124.7901,38.713,45.0,0.0,38.997104,39.687728000000014,0.0
537,21,5,1,72491.125,72648.029,156.9,7.0,20.0,25.6611,124.7901,-11.657,45.0,0.0,-11.1415,37.377625,0.0
538,22,5,0,83645.768,83692.372,46.6,7.0,26.0,37.2173,76.6749,42.711,45.0,0.0,44.07886399999983,38.12936800000108,0.0
539,24,5,0,36118.286,36317.644,199.4,6.0,24.0,4.9619,113.9981,38.156,45.0,0.0,38.38143,38.33676599999998,0.0
540,24,5,1,78561.459,78716.216,154.8,6.0,24.0,4.9619,113.9981,3.998,45.0,0.0,5.159491000000125,35.054712999998735,0.0
541,25,5,0,72732.235,72901.051,168.8,6.0,25.0,11.6357,131.6118,-25.213,45.0,0.0,-24.92423999999999,36.229239999999756,0.0
542,26,5,0,47909.69,48133.322,223.6,9.0,17.0,30.3929,78.8291,42.925,45.0,0.0,43.31080000000004,41.02004999999941,0.0
543,26,5,1,83777.479,83969.547,192.1,9.0,17.0,30.3929,78.8291,30.528,45.0,0.0,31.448908000000344,39.52599699999763,0.0
544,27,5,0,42427.733,42652.122,224.4,7.0,16.0,40.468,110.3396,42.479,45.0,0.0,42.879126,41.241084999999956,0.0
545,27,5,1,72172.074,72343.326,171.3,7.0,16.0,40.468,110.3396,-23.76,45.0,0.0,-23.757852000000014,39.72569400000249,0.0
546,29,5,0,36168.877,36242.966,74.1,5.0,29.0,3.8887,122.9077,-41.404,45.0,0.0,-43.05160400000002,36.72134399999987,0.0
547,30,5,0,42290.598,42430.306,139.7,6.0,15.0,27.6914,113.2258,-40.493,45.0,0.0,-41.3216939999999,41.034972000000536,0.0
548,31,5,0,84065.658,84219.497,153.8,5.0,28.0,14.1121,84.8442,-0.907,45.0,0.0,0.2862939999998198,33.08615600000217,0.0
549,32,5,0,47933.307,48089.515,156.2,6.0,17.0,26.818,83.0686,-3.581,45.0,0.0,-4.280894000000029,38.42722699999969,0.0
550,32,5,1,83842.697,83977.137,134.4,6.0,17.0,26.818,83.0686,40.36,45.0,0.0,41.32063800000001,40.394384999999964,0.0
551,33,5,0,36785.461,36823.578,38.1,6.0,27.0,32.3598,127.0665,45.0,-34.321,0.0,43.65164499999984,-42.28393800000077,0.0
552,33,5,1,72391.252,72612.418,221.2,6.0,27.0,32.3598,127.0665,38.812,45.0,0.0,40.25134799999966,37.05557200000233,0.0
553,34,5,1,72149.402,72336.967,187.6,9.0,19.0,40.4556,108.7196,-31.92,45.0,0.0,-32.129216000000014,39.30312399999937,0.0
554,35,5,0,47720.463,47903.681,183.2,5.0,20.0,18.0541,73.6819,32.253,45.0,0.0,32.28707399999999,38.930727999998844,0.0
555,36,5,1,72621.325,72809.576,188.3,6.0,23.0,20.0459,132.8612,29.24,45.0,0.0,30.533899999999846,37.08130000000115,0.0
556,37,5,0,54018.593,54176.882,158.3,9.0,28.0,46.8714,78.6721,-4.306,45.0,0.0,-5.07101100000002,33.45949999999962,0.0
557,37,5,1,77711.148,77877.197,166.0,9.0,28.0,46.8714,78.6721,-18.745,45.0,0.0,-18.652111999999992,34.42921599999952,0.0
558,38,5,0,42348.65,42442.859,94.2,5.0,28.0,30.5978,115.7772,-41.193,45.0,0.0,-42.65720000000007,37.23629999999954,0.0
559,38,5,1,72309.772,72538.36,228.6,5.0,28.0,30.5978,115.7772,-43.559,45.0,0.0,-44.20289599999995,38.17484000000078,0.0
560,39,5,0,78480.37,78677.322,197.0,5.0,21.0,5.9539,108.9432,-37.454,45.0,0.0,-37.64484999999998,39.18882000000146,0.0
561,40,5,0,72754.056,72950.59,196.5,5.0,25.0,8.8333,131.4275,-37.248,45.0,0.0,-37.45622399999999,37.87940800000105,0.0
562,41,5,0,48260.276,48478.74,218.5,5.0,18.0,47.9251,94.5299,40.719,45.0,0.0,41.16907199999996,40.52937600000054,0.0
563,41,5,1,71927.98,72145.61,217.6,5.0,18.0,47.9251,94.5299,-39.948,45.0,0.0,-40.4305199999999,40.445540000001124,0.0
564,42,5,0,36344.885,36508.356,163.5,8.0,26.0,13.5439,124.1826,-14.833,45.0,0.0,-16.212135000000103,34.49908499999903,0.0
565,43,5,0,42274.025,42457.782,183.8,7.0,27.0,26.9336,110.0203,-26.946,45.0,0.0,-28.35120000000007,35.29234999999938,0.0
566,44,5,0,83782.968,83951.354,168.4,6.0,29.0,27.633,74.0501,-23.509,45.0,0.0,-23.22944800000009,34.38511200000288,0.0
567,45,5,0,36117.875,36314.731,196.9,7.0,19.0,4.808,114.0441,37.431,45.0,0.0,37.60325,39.803125,0.0
568,45,5,1,78564.028,78718.645,154.6,7.0,19.0,4.808,114.0441,3.662,45.0,0.0,4.575344000000274,37.42906399999737,0.0
569,46,5,0,42588.95,42607.498,18.5,7.0,18.0,38.1014,106.9506,45.0,-40.458,0.0,44.03480000000016,-44.877699999999344,0.0
570,48,5,0,36548.385,36756.515,208.1,6.0,27.0,28.9297,126.6068,39.596,45.0,0.0,40.00985000000002,37.686724999999356,0.0
571,48,5,1,72455.163,72630.894,175.7,6.0,27.0,28.9297,126.6068,23.185,45.0,0.0,24.57182400000002,34.82781299999979,0.0
572,50,5,0,72423.179,72646.878,223.7,9.0,29.0,25.1036,120.2971,-42.98,45.0,0.0,-43.57268500000006,37.747910999998915,0.0
573,51,5,0,47594.643,47787.903,193.3,7.0,22.0,7.9581,75.2677,-31.089,45.0,0.0,-32.3673649999998,37.634660000001375,0.0
574,52,5,0,47699.501,47875.907,176.4,9.0,26.0,13.7217,77.3731,-23.692,45.0,0.0,-25.140051999999823,35.22805700000152,0.0
575,53,5,0,42411.384,42567.736,156.4,6.0,18.0,35.2517,112.1693,6.831,45.0,0.0,6.359632000000048,38.14396000000078,0.0
576,53,5,1,72225.91,72443.216,217.3,6.0,18.0,35.2517,112.1693,-41.008,45.0,0.0,-41.40729000000007,40.553389999999055,0.0
577,54,5,0,84041.972,84239.167,197.2,8.0,24.0,12.1,81.7222,-37.33,45.0,0.0,-37.54785999999997,38.22604400000184,0.0
578,55,5,0,48002.099,48182.327,180.2,6.0,25.0,32.9607,83.2421,29.858,45.0,0.0,29.904702999999994,36.89018199999924,0.0
579,56,5,0,41906.544,42081.816,175.3,7.0,20.0,7.2345,97.8179,-23.215,45.0,0.0,-24.364920000000094,37.7237839999993,0.0
580,57,5,0,48419.137,48603.63,184.5,7.0,20.0,48.6871,110.6064,-27.01,45.0,0.0,-27.811069000000092,38.35621399999908,0.0
581,57,5,1,72064.311,72267.746,203.4,7.0,20.0,48.6871,110.6064,34.185,45.0,0.0,35.117373000000065,38.96457099999949,0.0
582,58,5,0,36400.985,36581.276,180.3,5.0,28.0,19.4666,122.564,30.912,45.0,0.0,30.868089999999995,35.82581999999977,0.0
583,59,5,0,47868.286,48038.86,170.6,6.0,29.0,25.2855,78.7938,25.327,45.0,0.0,25.074996,34.61287599999998,0.0
584,59,5,1,83862.162,84018.084,155.9,6.0,29.0,25.2855,78.7938,3.995,45.0,0.0,5.2299659999998545,32.64911200000177,0.0
585,60,5,0,36164.275,36326.566,162.3,5.0,15.0,5.3046,116.4907,20.432,45.0,0.0,20.15222499999997,39.82612499999944,0.0
586,60,5,1,78563.623,78750.39,186.8,5.0,15.0,5.3046,116.4907,28.838,45.0,0.0,29.733134000000398,40.03185099999751,0.0
587,61,5,0,47774.213,47810.956,36.7,5.0,18.0,17.8352,83.1239,-43.025,45.0,0.0,-44.04950200000018,40.39835999999905,0.0
588,61,5,1,83999.862,84154.708,154.8,5.0,18.0,17.8352,83.1239,2.544,45.0,0.0,3.341789999999717,37.92068600000281,0.0
589,62,5,0,54137.495,54363.211,225.7,8.0,16.0,49.423,93.0225,-39.741,45.0,0.0,-40.46579000000011,40.844409999999264,0.0
590,62,5,1,71908.955,72110.998,202.0,8.0,16.0,49.423,93.0225,-35.791,45.0,0.0,-36.15505500000003,40.62140999999948,0.0
591,63,5,0,42502.818,42704.346,201.5,5.0,19.0,43.0401,114.2996,36.808,45.0,0.0,37.13926999999999,39.803328000000214,0.0
592,63,5,1,72175.885,72347.518,171.6,5.0,19.0,43.0401,114.2996,20.217,45.0,0.0,21.039169999999782,38.16169000000213,0.0
593,64,5,0,41801.32,41973.286,172.0,9.0,27.0,3.9131,91.0598,27.341,45.0,0.0,27.078200000000002,35.652520000000116,0.0
594,64,5,1,84257.771,84415.478,157.7,9.0,27.0,3.9131,91.0598,9.286,45.0,0.0,10.691320999999661,33.66264500000335,0.0
595,66,5,0,47957.003,48112.818,155.8,6.0,21.0,28.1325,83.8035,-2.032,45.0,0.0,-2.8561169999998817,36.628599000001415,0.0
596,68,5,0,48205.814,48367.503,161.7,9.0,19.0,40.2505,95.3617,-11.085,45.0,0.0,-11.811117999999944,37.773538000000656,0.0
597,68,5,1,77912.744,78109.241,196.5,9.0,19.0,40.2505,95.3617,31.971,45.0,0.0,32.924968000000284,39.01385599999787,0.0
598,69,5,0,48525.036,48697.288,172.3,5.0,17.0,52.7812,117.9399,-20.208,45.0,0.0,-20.760080000000002,39.09088799999997,0.0
599,69,5,1,66236.173,66394.552,158.4,5.0,17.0,52.7812,117.9399,-5.971,45.0,0.0,-5.784924000000057,38.64164800000203,0.0
600,70,5,0,42545.347,42707.704,162.4,5.0,28.0,40.8692,120.1144,-11.838,45.0,0.0,-12.895492000000056,33.65462299999923,0.0
601,70,5,1,72227.151,72443.635,216.5,5.0,28.0,40.8692,120.1144,37.688,45.0,0.0,39.09094599999991,36.61545200000069,0.0
602,72,5,0,78522.265,78682.84,160.6,8.0,17.0,5.8614,111.3663,-18.954,45.0,0.0,-18.59790500000001,38.95920500000024,0.0
603,73,5,0,42557.208,42782.519,225.3,9.0,28.0,40.4201,125.4076,-39.509,45.0,0.0,-40.86315199999994,37.04777600000042,0.0
604,74,5,0,42145.206,42363.156,218.0,8.0,23.0,25.2634,99.8815,42.03,45.0,0.0,42.46908999999997,39.279908000000475,0.0
605,74,5,1,78157.328,78323.249,165.9,8.0,23.0,25.2634,99.8815,-21.96,45.0,0.0,-21.68208000000009,36.78356800000249,0.0
606,75,5,0,83682.395,83860.445,178.1,7.0,28.0,35.2783,74.2256,24.267,45.0,0.0,25.630775000000185,34.57761999999819,0.0
607,76,5,0,83721.349,83935.791,214.4,6.0,21.0,33.3468,78.0885,37.229,45.0,0.0,38.3594500000001,38.833829999999345,0.0
608,77,5,0,48157.557,48314.424,156.9,5.0,19.0,38.8705,91.4198,7.121,45.0,0.0,6.675631999999983,37.73603399999969,0.0
609,77,5,1,77916.905,78073.005,156.1,5.0,19.0,38.8705,91.4198,-1.546,45.0,0.0,-0.9928500000000349,37.62118000000052,0.0
610,78,5,0,47914.985,48083.994,169.0,6.0,22.0,25.3569,83.8269,-18.743,45.0,0.0,-19.86226500000003,36.681524999999745,0.0
611,78,5,1,83869.954,84095.877,225.9,6.0,22.0,25.3569,83.8269,39.883,45.0,0.0,41.11460799999989,38.79849000000066,0.0
612,79,5,0,84130.977,84309.434,178.5,9.0,23.0,8.2785,84.795,-30.608,45.0,0.0,-30.542161000000007,37.65046400000039,0.0
613,80,5,0,36264.92,36379.971,115.1,7.0,17.0,9.1082,125.4177,-40.376,45.0,0.0,-41.3715199999999,40.348760000000524,0.0
614,81,5,0,83998.508,84196.974,198.5,9.0,17.0,18.468,86.37,32.898,45.0,0.0,33.883448000000094,39.65121599999943,0.0
615,82,5,1,66479.208,66685.207,206.0,6.0,25.0,39.2334,132.6339,-37.97,45.0,0.0,-38.42491199999998,38.08644000000041,0.0
616,83,5,0,54111.287,54270.703,159.4,5.0,28.0,51.621,84.0481,9.412,45.0,0.0,9.119269000000044,33.74865700000165,0.0
617,83,5,1,71796.782,72023.924,227.1,5.0,28.0,51.621,84.0481,-41.509,45.0,0.0,-42.34655000000016,37.79352799999807,0.0
618,83,5,2,77676.301,77898.025,221.7,5.0,28.0,51.621,84.0481,38.936,45.0,0.0,40.22164200000029,36.98806799999776,0.0
619,84,5,0,42236.463,42409.864,173.4,9.0,27.0,25.0702,107.9634,-21.632,45.0,0.0,-23.02222400000016,34.67979799999847,0.0
620,84,5,1,78200.973,78427.044,226.1,9.0,27.0,25.0702,107.9634,39.911,45.0,0.0,41.401649999999904,37.18291000000061,0.0
621,85,5,0,36398.29,36605.862,207.6,6.0,17.0,16.241,128.4509,-35.42,45.0,0.0,-36.39995000000005,39.89000999999971,0.0
622,85,5,1,72637.393,72815.056,177.7,6.0,17.0,16.241,128.4509,-29.823,45.0,0.0,-29.794428000000014,39.73602200000125,0.0
623,86,5,0,42180.291,42365.727,185.4,9.0,15.0,25.4492,101.7806,32.696,45.0,0.0,32.774581999999995,40.64488000000082,0.0
624,86,5,1,78177.709,78332.396,154.7,9.0,15.0,25.4492,101.7806,-4.192,45.0,0.0,-3.67718499999991,39.32080199999892,0.0
625,88,5,0,47902.267,48082.985,180.7,7.0,21.0,27.7288,79.5786,30.531,45.0,0.0,30.563466000000002,38.42414700000007,0.0
626,88,5,1,83826.442,84003.432,177.0,7.0,21.0,27.7288,79.5786,23.912,45.0,0.0,25.021099999999773,37.45433800000187,0.0
627,89,5,0,42189.742,42370.071,180.3,7.0,18.0,25.662,102.2507,30.508,45.0,0.0,30.531516000000003,39.47075200000056,0.0
628,89,5,1,78178.876,78334.068,155.2,7.0,18.0,25.662,102.2507,1.548,45.0,0.0,2.2719160000001577,37.96205599999829,0.0
629,90,5,0,54119.124,54329.616,210.5,7.0,20.0,49.0718,90.5329,-36.098,45.0,0.0,-36.97008400000014,39.2550719999989,0.0
630,90,5,1,71873.857,72105.759,231.9,7.0,20.0,49.0718,90.5329,-42.685,45.0,0.0,-43.29999600000011,40.23060899999905,0.0
631,91,5,0,83764.564,83919.803,155.2,6.0,18.0,29.9721,74.5827,-5.003,45.0,0.0,-4.439952000000049,38.06240400000067,0.0
632,92,5,0,47774.165,47981.271,207.1,8.0,28.0,22.2589,74.7176,39.689,45.0,0.0,40.07148500000001,37.36519999999972,0.0
633,92,5,1,83833.853,84049.818,216.0,8.0,28.0,22.2589,74.7176,-41.57,45.0,0.0,-42.06123600000004,37.74209999999916,0.0
634,93,5,1,72671.267,72835.984,164.7,9.0,27.0,15.2495,129.9946,-22.025,45.0,0.0,-21.59139299999985,35.01591799999683,0.0
635,95,5,0,47808.459,47987.606,179.1,8.0,20.0,19.5881,80.9307,-24.956,45.0,0.0,-26.059327000000135,37.91748199999897,0.0
636,95,5,1,83956.582,84111.815,155.2,8.0,20.0,19.5881,80.9307,-9.342,45.0,0.0,-8.71779400000017,37.248264000002294,0.0
637,96,5,0,42492.713,42682.019,189.3,9.0,23.0,41.8654,114.0772,32.841,45.0,0.0,33.086991000000026,38.03058899999883,0.0
638,96,5,1,72193.164,72354.527,161.4,9.0,23.0,41.8654,114.0772,11.01,45.0,0.0,11.879068000000158,35.96306799999801,0.0
639,98,5,0,42474.126,42630.665,156.5,9.0,27.0,38.3464,115.0342,5.969,45.0,0.0,5.279598000000093,33.96737800000171,0.0
640,98,5,1,72245.577,72402.538,157.0,9.0,27.0,38.3464,115.0342,-7.932,45.0,0.0,-7.307574999999881,34.03526999999766,0.0
641,99,5,0,47935.157,48113.154,178.0,7.0,27.0,26.2975,85.2012,-24.181,45.0,0.0,-25.57653599999996,34.959606000000335,0.0
