Run,Index,profit,load,attitude,quality,Node_ids
1,0,690.0,1.7204650534085253,1558.7959418333307,,11 15 19 23 25 26 31 32 34 37 39 55 65 69 80 88 89 104 110 121 123 144 150 158 160 166 186 190 193 202 203 215 217 232 234 235 238 242 254 256 257 260 264 268 275 284 295 308 316 317 320 341 347 351 359 366 376 378 380 388 390 408 421 428 434 436 439 450 457 458 460 463 469 472 483 487 491 495 508 517 519 530 533 545 546 555 564 565 571 573 574 579 607 611 613 614 620 640 641
1,1,695.0,1.4142135623730951,1680.3976378333327,,11 15 19 23 25 26 31 32 34 37 39 55 65 69 76 80 88 104 110 121 123 144 150 158 160 166 186 190 193 202 203 207 215 217 232 234 235 238 242 254 256 257 260 264 268 275 284 295 308 316 317 320 341 347 351 359 366 376 378 380 388 390 408 421 428 434 436 439 450 457 458 460 463 469 472 483 487 491 495 508 517 519 530 533 545 546 555 564 565 571 573 574 579 607 611 613 614 620 640 641
1,2,695.0,0.0,1700.4471445000033,,11 15 19 23 25 26 31 32 34 37 39 55 65 69 76 80 88 104 107 110 121 123 144 150 158 160 166 173 186 190 193 202 203 207 215 217 219 232 234 235 238 242 254 256 257 260 264 268 270 275 284 295 308 316 317 320 341 351 359 366 376 378 380 388 390 408 421 428 436 439 450 457 458 460 463 469 472 483 487 495 508 517 519 530 533 546 555 564 565 571 573 574 579 607 611 613 614 620 640 641
1,3,685.0,1.8547236990991407,1546.6670839999965,,11 15 19 23 25 32 34 37 39 55 65 69 80 88 89 104 110 121 123 144 147 150 158 160 166 186 190 193 202 203 215 217 232 234 235 238 242 254 256 257 260 264 267 268 275 284 295 308 316 320 341 347 351 359 366 376 378 380 388 390 408 421 428 434 436 439 450 457 458 460 463 469 472 483 487 491 495 508 517 519 530 533 545 546 555 564 565 571 573 574 579 607 611 613 614 620 640 641
1,4,690.0,2.1354156504062622,1555.7397551666647,,11 15 19 23 25 26 31 32 34 37 39 55 65 69 80 88 89 104 110 121 123 144 150 158 160 166 186 190 202 203 215 217 232 234 235 238 242 254 256 257 260 264 268 275 284 295 308 316 317 320 323 341 347 351 359 366 376 378 380 388 390 408 421 428 434 436 439 450 457 458 460 463 469 472 483 487 491 495 508 517 519 530 533 545 546 555 564 565 571 573 574 579 607 611 613 614 620 640 641
1,5,685.0,0.4898979485566356,1569.8140131666648,,11 15 19 23 25 32 34 37 39 55 59 65 69 80 88 89 104 107 110 121 123 144 147 150 158 160 166 173 186 190 193 202 203 215 217 232 234 235 238 242 254 256 257 260 264 267 268 275 284 295 308 316 320 341 347 351 359 366 376 378 380 388 390 408 421 428 439 450 457 458 460 463 469 472 473 483 487 495 508 517 519 530 533 545 546 555 564 565 571 573 574 579 607 613 614 620 640 641
1,6,685.0,1.3564659966250536,1549.9803511666626,,11 15 19 23 25 32 34 37 39 55 59 65 69 80 88 89 104 110 121 123 144 147 150 158 160 166 186 190 193 202 203 215 217 232 234 235 238 242 254 256 257 260 264 267 268 275 284 295 308 316 320 341 347 351 359 366 376 378 380 388 390 408 421 428 434 439 450 457 458 460 463 469 472 483 487 491 495 508 517 519 530 533 545 546 555 564 565 571 573 574 579 607 611 613 614 620 640 641
1,7,690.0,0.7483314773547883,1571.4620371666688,,11 15 19 23 25 26 31 32 34 37 39 55 65 69 80 88 89 104 110 121 123 144 150 158 160 166 180 186 190 193 202 203 215 217 219 232 234 235 238 242 254 256 257 260 264 268 270 275 284 295 308 316 317 320 341 351 359 366 376 378 380 388 390 408 421 428 434 436 450 457 458 460 463 469 472 483 487 491 495 508 517 519 530 533 546 555 564 565 571 573 574 579 607 611 613 614 620 640 641
1,8,690.0,0.9797958971132712,1571.2734558333336,,11 15 19 23 25 26 31 32 34 37 39 55 65 69 80 88 89 104 110 121 123 144 150 158 160 166 180 186 190 193 202 203 215 217 219 232 234 235 238 242 254 256 257 260 264 268 275 284 295 308 316 317 320 341 351 359 366 376 378 380 388 390 408 421 428 434 436 450 457 458 460 463 469 472 483 487 491 495 508 517 519 530 533 545 546 555 564 565 571 573 574 579 607 611 613 614 620 640 641
1,9,695.0,1.7888543819998317,1677.3414511666667,,11 15 19 23 25 26 31 32 34 37 39 55 65 69 76 80 88 104 110 121 123 144 150 158 160 166 186 190 202 203 207 215 217 232 234 235 238 242 254 256 257 260 264 268 275 284 295 308 316 317 320 323 341 347 351 359 366 376 378 380 388 390 408 421 428 434 436 439 450 457 458 460 463 469 472 483 487 491 495 508 517 519 530 533 545 546 555 564 565 571 573 574 579 607 611 613 614 620 640 641
1,10,690.0,0.4,1578.8454485000013,,11 15 19 23 25 26 31 32 34 37 39 55 65 69 80 88 89 104 107 110 121 123 144 150 158 160 166 173 186 190 193 202 203 215 217 219 232 234 235 238 242 254 256 257 260 264 268 270 275 284 295 308 316 317 320 341 351 359 366 376 378 380 388 390 408 421 428 436 439 450 457 458 460 463 469 472 483 487 495 508 517 519 530 533 546 555 564 565 571 573 574 579 607 611 613 614 620 640 641
1,11,695.0,0.8944271909999159,1686.4443865000003,,11 15 19 23 25 26 31 32 34 37 39 55 65 69 76 80 88 104 110 121 123 144 150 158 160 166 180 186 190 193 202 203 207 215 217 232 234 235 238 242 254 256 257 260 264 268 275 284 295 308 316 317 320 341 347 351 359 366 376 378 380 388 390 408 421 428 434 436 450 457 458 460 463 469 472 483 487 491 495 508 517 519 530 533 545 546 555 564 565 571 573 574 579 607 611 613 614 620 640 641
1,12,690.0,1.16619037896906,1564.8426904999983,,11 15 19 23 25 26 31 32 34 37 39 55 65 69 80 88 89 104 110 121 123 144 150 158 160 166 180 186 190 193 202 203 215 217 232 234 235 238 242 254 256 257 260 264 268 275 284 295 308 316 317 320 341 347 351 359 366 376 378 380 388 390 408 421 428 434 436 450 457 458 460 463 469 472 483 487 491 495 508 517 519 530 533 545 546 555 564 565 571 573 574 579 607 611 613 614 620 640 641
1,13,690.0,1.6,1561.7865038333323,,11 15 19 23 25 26 31 32 34 37 39 55 65 69 80 88 89 104 110 121 123 144 150 158 160 166 180 186 190 202 203 215 217 232 234 235 238 242 254 256 257 260 264 268 275 284 295 308 316 317 320 323 341 347 351 359 366 376 378 380 388 390 408 421 428 434 436 450 457 458 460 463 469 472 483 487 491 495 508 517 519 530 533 545 546 555 564 565 571 573 574 579 607 611 613 614 620 640 641
1,14,685.0,1.7435595774162693,1547.4685638333306,,11 15 19 23 25 32 34 37 39 55 59 65 69 80 88 89 104 110 121 123 144 147 150 158 160 166 186 190 202 203 215 217 232 234 235 238 242 254 256 257 260 264 267 268 275 284 295 308 316 320 323 341 347 351 359 366 376 378 380 388 390 408 421 428 434 439 450 456 458 460 463 469 472 483 487 491 495 508 517 519 530 533 545 546 555 564 565 571 573 574 579 607 611 613 614 620 640 641
1,15,685.0,2.154065922853802,1543.6108973333305,,11 15 19 23 25 32 34 37 39 55 65 69 80 88 89 104 110 121 123 144 147 150 158 160 166 186 190 202 203 215 217 232 234 235 238 242 254 256 257 260 264 267 268 275 284 295 308 316 320 323 341 347 351 359 366 376 378 380 388 390 408 421 428 434 436 439 450 457 458 460 463 469 472 483 487 491 495 508 517 519 530 533 545 546 555 564 565 571 573 574 579 607 611 613 614 620 640 641
1,16,685.0,1.019803902718557,1556.02709983333,,11 15 19 23 25 32 34 37 39 55 59 65 69 80 88 89 104 110 121 123 144 147 150 158 160 166 180 186 190 193 202 203 215 217 232 234 235 238 242 254 256 257 260 264 267 268 275 284 295 308 316 320 341 347 351 359 366 376 378 380 388 390 408 421 428 434 450 457 458 460 463 469 472 483 487 491 495 508 517 519 530 533 545 546 555 564 565 571 573 574 579 607 611 613 614 620 640 641
1,17,685.0,0.8,1564.2914938333329,,11 15 19 23 25 32 34 37 39 55 59 65 69 80 88 89 104 110 121 123 144 147 150 158 160 166 173 186 190 193 202 203 215 217 219 232 234 235 238 242 254 256 257 260 264 267 268 270 275 284 295 308 316 320 341 351 359 366 376 378 380 388 390 408 421 428 439 450 457 458 460 463 469 472 483 487 491 495 508 517 519 530 533 546 555 564 565 571 573 574 579 607 611 613 614 620 640 641
1,18,695.0,1.2649110640673518,1683.3881998333343,,11 15 19 23 25 26 31 32 34 37 39 55 65 69 76 80 88 104 110 121 123 144 150 158 160 166 180 186 190 202 203 207 215 217 232 234 235 238 242 254 256 257 260 264 268 275 284 295 308 316 317 320 323 341 347 351 359 366 376 378 380 388 390 408 421 428 434 436 450 457 458 460 463 469 472 483 487 491 495 508 517 519 530 533 545 546 555 564 565 571 573 574 579 607 611 613 614 620 640 641
1,19,695.0,0.6324555320336759,1693.0637331666708,,11 15 19 23 25 26 31 32 34 37 39 55 65 69 76 80 88 104 110 121 123 144 150 158 160 166 180 186 190 193 202 203 207 215 217 219 232 234 235 238 242 254 256 257 260 264 268 270 275 284 295 308 316 317 320 341 351 359 366 376 378 380 388 390 408 421 428 434 436 450 457 458 460 463 469 472 483 487 491 495 508 517 519 530 533 546 555 564 565 571 573 574 579 607 611 613 614 620 640 641
2,0,685.0,0.8,1585.1541761666642,,9 11 14 18 19 25 32 42 54 65 80 85 93 94 101 104 110 111 113 114 116 119 127 129 133 142 144 145 147 149 151 154 160 166 168 172 191 193 215 219 222 241 242 245 247 253 255 258 268 280 289 306 308 322 333 334 339 346 353 356 381 399 409 417 428 433 436 445 448 449 450 452 457 460 463 468 469 492 495 508 519 529 538 548 555 564 565 573 574 579 580 607 611 614 620 635 640 641
2,1,695.0,0.0,1686.3784309999976,,9 11 14 18 19 25 32 42 54 65 76 80 85 93 94 104 110 111 113 114 116 119 129 133 142 144 145 147 149 151 154 160 166 168 172 191 193 215 219 222 241 242 245 253 254 255 258 268 280 289 306 308 322 333 334 339 346 349 353 356 381 382 399 409 417 428 433 436 445 448 449 450 452 457 460 463 468 469 492 495 508 519 530 538 546 548 555 564 565 573 574 579 580 607 611 614 620 635 640 641
2,2,690.0,0.4,1611.5795739999974,,9 11 14 18 19 25 32 42 54 65 80 85 93 94 101 104 110 111 113 114 116 119 129 133 142 144 145 147 149 151 154 160 166 168 172 191 193 215 219 222 241 242 245 253 254 255 258 268 280 289 306 308 322 333 334 336 339 346 353 356 381 382 399 409 417 428 433 436 445 448 449 450 452 457 460 463 469 492 495 508 519 530 538 546 548 555 564 565 573 574 579 580 607 611 614 620 635 640 641
2,3,685.0,1.7435595774162693,1578.7010031666648,,9 11 14 18 19 25 32 33 42 54 65 80 85 93 94 101 104 110 111 113 114 116 119 129 133 142 144 145 147 149 151 154 160 166 168 172 184 191 193 215 219 222 241 242 245 247 253 254 255 258 268 280 289 306 308 322 333 334 336 339 346 353 356 381 399 409 417 428 433 436 445 448 449 450 452 457 460 463 469 492 495 508 519 529 538 555 564 565 573 574 579 607 611 614 620 635 640 641
2,4,695.0,0.8944271909999159,1674.9408548333301,,9 11 14 18 19 25 32 33 42 54 65 76 80 85 93 94 104 110 111 113 114 116 119 127 129 133 142 144 145 147 149 151 154 160 166 168 172 191 193 215 219 222 241 242 245 247 253 255 258 268 280 289 306 308 322 333 334 339 346 349 353 356 381 399 409 417 428 433 436 445 448 449 450 452 457 460 463 468 469 492 495 508 519 530 538 546 555 564 565 573 574 579 580 607 611 614 620 635 640 641
2,5,695.0,1.2649110640673518,1674.283109499996,,9 11 14 18 19 25 32 33 42 54 65 76 80 85 93 94 104 110 111 113 114 116 119 127 129 133 142 144 145 147 149 151 154 160 166 168 172 191 193 215 219 222 241 242 245 247 253 255 258 268 280 289 306 308 322 325 333 334 339 346 349 353 356 381 399 409 417 428 433 436 445 448 449 450 452 457 463 468 469 492 495 508 519 530 538 546 555 564 565 573 574 579 580 607 611 614 620 635 640 641
2,6,685.0,1.2,1581.4548801666642,,9 11 14 18 19 25 32 33 42 54 65 80 85 93 94 101 104 110 111 113 114 116 119 127 129 133 142 144 145 147 149 151 154 160 166 168 172 191 193 215 219 222 241 242 245 247 253 255 258 268 280 289 306 308 322 333 334 339 346 353 356 381 399 409 417 428 433 436 445 448 449 450 452 457 460 463 468 469 492 495 508 519 529 538 555 564 565 573 574 579 580 607 611 614 620 635 640 641
2,7,685.0,0.4898979485566356,1586.9851599999984,,9 11 14 18 19 25 32 42 54 65 80 85 93 94 101 104 110 111 113 114 116 119 129 133 142 144 145 147 149 151 154 160 166 168 172 191 193 215 219 222 241 242 245 253 254 255 258 268 280 289 306 308 322 333 334 336 339 346 353 356 381 382 399 409 417 428 433 436 445 448 449 450 452 457 460 463 469 492 495 508 519 529 538 548 555 564 565 573 574 579 580 607 611 614 620 635 640 641
2,8,695.0,1.4142135623730951,1672.7730441666624,,9 11 14 18 19 25 32 33 42 54 65 76 80 85 93 94 104 110 111 113 114 116 119 127 129 133 142 144 145 147 149 151 154 160 166 168 172 184 191 193 215 219 222 241 242 245 247 253 255 258 268 280 289 306 308 322 333 334 339 346 349 353 356 381 399 409 417 428 433 436 445 448 449 450 452 457 460 463 468 469 492 495 508 519 530 538 546 555 564 565 573 574 579 607 611 614 620 635 640 641
2,9,690.0,1.469693845669907,1603.2954171666638,,9 11 14 18 19 25 32 33 42 54 65 80 85 93 94 101 104 110 111 113 114 116 119 129 133 142 144 145 147 149 151 154 160 166 168 172 184 191 193 215 219 222 241 242 245 247 253 254 255 258 268 280 289 306 308 322 333 334 336 339 346 353 356 381 399 409 417 428 433 436 445 448 449 450 452 457 460 463 469 492 495 508 519 530 538 546 555 564 565 573 574 579 607 611 614 620 635 640 641
2,10,695.0,0.6324555320336759,1678.512241666665,,9 14 18 19 25 32 33 42 54 65 76 80 85 93 94 104 110 111 113 114 116 119 127 129 133 142 144 145 147 149 151 154 160 166 168 172 191 193 215 219 222 241 242 245 251 253 255 258 268 280 289 306 308 322 333 334 339 346 349 353 356 381 382 399 409 417 428 433 436 445 448 449 450 452 457 460 463 468 469 492 495 508 519 530 538 546 555 564 565 573 574 579 580 607 611 614 620 635 640 641
2,11,690.0,1.16619037896906,1605.3915488333296,,9 11 14 18 19 25 32 33 42 54 65 80 85 93 94 101 104 110 111 113 114 116 119 127 129 133 142 144 145 147 149 151 154 160 166 168 172 191 193 215 219 222 241 242 245 247 253 255 258 268 280 289 306 308 322 325 333 334 339 346 353 356 381 399 409 417 428 433 436 445 448 449 450 452 457 463 468 469 492 495 508 519 530 538 546 555 564 565 573 574 579 580 607 611 614 620 635 640 641
2,12,690.0,0.7483314773547883,1607.2036308333327,,9 14 18 19 25 32 33 42 54 65 80 85 93 94 101 104 110 111 113 114 116 119 127 129 133 142 144 145 147 149 151 154 160 166 168 172 191 193 215 219 222 241 242 245 247 251 253 255 258 268 280 289 306 308 322 333 334 339 346 353 356 381 399 409 417 428 433 436 445 448 449 450 452 457 460 463 468 469 492 495 508 519 530 538 546 555 564 565 573 574 579 580 607 611 614 620 635 640 641
2,13,695.0,1.6733200530681511,1672.1152988333283,,9 11 14 18 19 25 32 33 42 54 65 76 80 85 93 94 104 110 111 113 114 116 119 127 129 133 142 144 145 147 149 151 154 160 166 168 172 184 191 193 215 219 222 241 242 245 247 253 255 258 268 280 289 306 308 322 325 333 334 339 346 349 353 356 381 399 409 417 428 433 436 445 448 449 450 452 457 463 468 469 492 495 508 519 530 538 546 555 564 565 573 574 579 607 611 614 620 635 640 641
2,14,690.0,0.9797958971132712,1606.0492941666635,,9 11 14 18 19 25 32 33 42 54 65 80 85 93 94 101 104 110 111 113 114 116 119 127 129 133 142 144 145 147 149 151 154 160 166 168 172 191 193 215 219 222 241 242 245 247 253 255 258 268 280 289 306 308 322 333 334 339 346 353 356 381 399 409 417 428 433 436 445 448 449 450 452 457 460 463 468 469 492 495 508 519 530 538 546 555 564 565 573 574 579 580 607 611 614 620 635 640 641
2,15,690.0,1.9390719429665317,1602.6376718333295,,9 11 14 18 19 25 32 33 42 54 65 80 85 93 94 101 104 110 111 113 114 116 119 129 133 142 144 145 147 149 151 154 160 166 168 172 184 191 193 215 219 222 241 242 245 247 253 254 255 258 268 280 289 306 308 322 325 333 334 336 339 346 353 356 381 399 409 417 428 433 436 445 448 449 450 452 457 463 469 492 495 508 519 530 538 546 555 564 565 573 574 579 607 611 614 620 635 640 641
2,16,685.0,1.3564659966250536,1580.7971348333303,,9 11 14 18 19 25 32 33 42 54 65 80 85 93 94 101 104 110 111 113 114 116 119 127 129 133 142 144 145 147 149 151 154 160 166 168 172 191 193 215 219 222 241 242 245 247 253 255 258 268 280 289 306 308 322 325 333 334 339 346 353 356 381 399 409 417 428 433 436 445 448 449 450 452 457 463 468 469 492 495 508 519 529 538 555 564 565 573 574 579 580 607 611 614 620 635 640 641
2,17,690.0,1.6,1603.2237381666619,,9 11 14 18 19 25 32 33 42 54 65 80 85 93 94 101 104 110 111 113 114 116 119 127 129 133 142 144 145 147 149 151 154 160 166 168 172 184 191 193 215 219 222 241 242 245 247 253 255 258 268 280 289 306 308 322 325 333 334 339 346 353 356 381 399 409 417 428 433 436 445 448 449 450 452 457 463 468 469 492 495 508 519 530 538 546 555 564 565 573 574 579 607 611 614 620 635 640 641
2,18,690.0,1.32664991614216,1605.0358201666645,,9 14 18 19 25 32 33 42 54 65 80 85 93 94 101 104 110 111 113 114 116 119 127 129 133 142 144 145 147 149 151 154 160 166 168 172 184 191 193 215 219 222 241 242 245 247 251 253 255 258 268 280 289 306 308 322 333 334 339 346 353 356 381 399 409 417 428 433 436 445 448 449 450 452 457 460 463 468 469 492 495 508 519 530 538 546 555 564 565 573 574 579 607 611 614 620 635 640 641
2,19,685.0,1.624807680927192,1580.4414061666655,,9 14 18 19 25 32 33 42 54 65 80 85 93 94 101 104 110 111 113 114 116 119 127 129 133 142 144 145 147 149 151 154 160 166 168 172 184 191 193 215 219 222 241 242 245 247 251 253 255 258 268 280 289 306 308 322 333 334 339 346 353 356 381 399 409 417 428 433 436 445 448 449 450 452 457 460 463 468 469 492 495 508 519 529 538 555 564 565 573 574 579 607 611 614 620 635 640 641
2,20,685.0,1.8547236990991407,1578.6293241666624,,9 11 14 18 19 25 32 33 42 54 65 80 85 93 94 101 104 110 111 113 114 116 119 127 129 133 142 144 145 147 149 151 154 160 166 168 172 184 191 193 215 219 222 241 242 245 247 253 255 258 268 280 289 306 308 322 325 333 334 339 346 353 356 381 399 409 417 428 433 436 445 448 449 450 452 457 463 468 469 492 495 508 519 529 538 555 564 565 573 574 579 607 611 614 620 635 640 641
2,21,685.0,1.019803902718557,1582.6092168333332,,9 14 18 19 25 32 33 42 54 65 80 85 93 94 101 104 110 111 113 114 116 119 127 129 133 142 144 145 147 149 151 154 160 166 168 172 191 193 215 219 222 241 242 245 247 251 253 255 258 268 280 289 306 308 322 333 334 339 346 353 356 381 399 409 417 428 433 436 445 448 449 450 452 457 460 463 468 469 492 495 508 519 529 538 555 564 565 573 574 579 580 607 611 614 620 635 640 641
2,22,685.0,2.154065922853802,1578.0432578333307,,9 11 14 18 19 25 32 33 42 54 65 80 85 93 94 101 104 110 111 113 114 116 119 129 133 142 144 145 147 149 151 154 160 166 168 172 184 191 193 215 219 222 241 242 245 247 253 254 255 258 268 280 289 306 308 322 325 333 334 336 339 346 353 356 381 399 409 417 428 433 436 445 448 449 450 452 457 463 469 492 495 508 519 529 538 555 564 565 573 574 579 607 611 614 620 635 640 641
3,0,690.0,0.9797958971132712,1538.345202633329,,1 11 14 25 28 33 37 42 49 54 62 65 75 78 93 94 101 102 111 114 121 124 129 131 135 142 145 147 162 168 172 174 176 180 204 207 215 217 219 228 234 241 242 244 253 254 255 260 287 293 307 310 313 322 325 327 331 356 360 380 382 400 403 409 412 415 428 448 449 450 452 457 463 469 472 486 488 495 502 507 519 530 533 538 546 547 552 555 558 564 573 579 603 607 611 614 620 635 641
3,1,695.0,0.0,1628.5180232999962,,1 11 14 25 28 33 42 49 54 62 65 69 75 76 78 93 94 102 111 114 121 124 129 131 135 142 145 147 162 168 172 174 176 180 204 207 215 219 228 234 241 242 244 253 254 255 260 280 283 287 293 307 313 322 325 327 331 348 356 360 380 382 400 403 409 412 428 448 449 450 452 457 463 469 472 479 486 488 495 502 507 519 530 533 538 546 547 552 555 558 564 573 579 603 607 611 614 620 635 641
3,2,690.0,0.4,1546.2092186333305,,1 11 14 25 28 33 37 42 49 54 62 65 75 78 93 94 101 102 111 114 121 124 129 131 135 142 145 147 162 168 172 174 176 180 204 207 215 219 228 234 241 242 244 253 254 255 260 283 287 293 307 310 313 322 325 327 331 356 360 380 382 400 403 409 412 428 448 449 450 452 457 463 469 472 479 486 488 495 502 507 519 530 533 538 546 547 552 555 558 564 573 579 603 607 611 614 620 635 641
3,3,690.0,1.6,1535.3134506333258,,1 11 14 25 28 33 37 42 49 54 62 65 75 78 93 94 101 102 111 114 121 124 127 129 131 135 142 145 147 162 168 172 174 176 180 204 207 215 217 219 228 234 241 242 244 253 255 260 287 293 307 310 313 322 325 327 331 356 360 380 382 400 403 409 412 415 428 448 449 450 452 457 463 469 472 486 488 495 502 507 519 530 533 538 546 547 552 555 558 564 573 579 603 607 611 614 620 635 641
3,4,685.0,0.4898979485566356,1521.6148046333315,,1 11 14 25 28 33 37 42 49 54 62 65 75 78 93 94 101 102 111 114 121 124 129 131 135 142 145 147 162 168 172 174 176 180 204 207 215 219 228 234 241 242 244 253 254 255 260 283 287 293 307 310 313 322 325 327 331 356 360 380 382 400 403 409 412 428 448 449 450 452 457 463 469 472 479 486 488 495 502 507 519 529 533 538 547 552 555 558 564 573 579 603 607 611 614 620 635 641
3,5,695.0,1.0954451150103321,1616.7031379666587,,1 11 14 25 28 33 42 49 54 62 65 75 76 78 93 94 102 111 114 121 124 127 129 131 135 142 145 147 162 168 172 174 176 180 204 207 215 217 219 228 234 241 242 244 253 255 260 280 287 293 307 310 313 322 325 327 331 348 356 360 380 382 400 403 409 412 415 428 448 449 450 452 457 463 469 472 486 488 495 502 507 519 530 533 538 546 547 552 555 558 564 573 579 603 607 611 614 620 635 641
3,6,685.0,1.019803902718557,1513.7507886333299,,1 11 14 25 28 33 37 42 49 54 62 65 75 78 93 94 101 102 111 114 121 124 129 131 135 142 145 147 162 168 172 174 176 180 204 207 215 217 219 228 234 241 242 244 253 254 255 260 287 293 307 310 313 322 325 327 331 356 360 380 382 400 403 409 412 415 428 448 449 450 452 457 463 469 472 486 488 495 502 507 519 529 533 538 547 552 555 558 564 573 579 603 607 611 614 620 635 641
3,7,685.0,0.8,1514.3163500999965,,1 11 14 25 28 33 37 42 49 54 62 65 75 78 94 101 102 111 114 121 124 129 131 135 142 145 147 162 168 172 174 176 180 204 207 215 217 219 228 234 241 242 244 253 254 255 260 287 293 307 310 313 322 325 327 331 340 356 360 380 382 400 403 409 412 415 428 448 449 450 452 457 463 469 472 486 488 495 502 507 519 529 533 538 547 552 555 558 564 573 579 603 607 611 614 620 635 641
3,8,695.0,0.6324555320336759,1619.734889966662,,1 11 14 25 28 33 42 49 54 62 65 75 76 78 93 94 102 111 114 121 124 129 131 135 142 145 147 162 168 172 174 176 180 204 207 215 217 219 228 234 241 242 244 253 254 255 260 280 287 293 307 310 313 322 325 327 331 348 356 360 380 382 400 403 409 412 415 428 448 449 450 452 457 463 469 472 486 488 495 502 507 519 530 533 538 546 547 552 555 558 564 573 579 603 607 611 614 620 635 641
3,9,690.0,0.7483314773547883,1538.9107640999955,,1 11 14 25 28 33 37 42 49 54 62 65 75 78 94 101 102 111 114 121 124 129 131 135 142 145 147 162 168 172 174 176 180 204 207 215 217 219 228 234 241 242 244 253 254 255 260 287 293 307 310 313 322 325 327 331 340 356 360 380 382 400 403 409 412 415 428 448 449 450 452 457 463 469 472 486 488 495 502 507 519 530 533 538 546 547 552 555 558 564 573 579 603 607 611 614 620 635 641
3,10,685.0,1.2,1513.5701767666596,,1 11 14 25 28 33 37 42 49 54 62 65 75 78 94 101 102 111 114 121 124 127 129 131 135 142 145 147 162 168 172 174 176 180 204 207 215 217 219 228 234 241 242 244 253 255 260 283 287 293 307 310 313 322 325 327 331 340 356 360 380 382 400 403 409 412 428 448 449 450 452 457 463 469 472 486 488 495 502 507 519 529 533 538 547 552 555 558 564 573 579 603 607 611 614 620 635 641
3,11,685.0,1.624807680927192,1510.7190366333266,,1 11 14 25 28 33 37 42 49 54 62 65 75 78 93 94 101 102 111 114 121 124 127 129 131 135 142 145 147 162 168 172 174 176 180 204 207 215 217 219 228 234 241 242 244 253 255 260 287 293 307 310 313 322 325 327 331 356 360 380 382 400 403 409 412 415 428 448 449 450 452 457 463 469 472 486 488 495 502 507 519 529 533 538 547 552 555 558 564 573 579 603 607 611 614 620 635 641
3,12,690.0,1.32664991614216,1535.8790120999925,,1 11 14 25 28 33 37 42 49 54 62 65 75 78 94 101 102 111 114 121 124 127 129 131 135 142 145 147 162 168 172 174 176 180 204 207 215 217 219 228 234 241 242 244 253 255 260 287 293 307 310 313 322 325 327 331 340 356 360 380 382 400 403 409 412 415 428 448 449 450 452 457 463 469 472 486 488 495 502 507 519 530 533 538 546 547 552 555 558 564 573 579 603 607 611 614 620 635 641
3,13,690.0,1.1661903789690602,1538.1645907666586,,1 11 14 25 28 33 37 42 49 54 62 65 75 78 94 101 102 111 114 121 124 127 129 131 135 142 145 147 162 168 172 174 176 180 204 207 215 217 219 228 234 241 242 244 253 255 260 283 287 293 307 310 313 322 325 327 331 340 356 360 380 382 400 403 409 412 428 448 449 450 452 457 463 469 472 486 488 495 502 507 519 530 533 538 546 547 552 555 558 564 573 579 603 607 611 614 620 635 641
3,14,685.0,1.9595917942265424,1508.5816026333255,,1 11 14 25 28 33 37 42 49 54 62 65 75 78 93 94 101 111 114 121 124 127 129 131 135 142 145 147 162 168 172 174 176 180 204 207 215 217 219 222 228 234 241 242 244 253 255 260 287 293 307 310 313 322 325 327 331 356 360 380 382 400 403 409 412 415 428 448 449 450 452 457 463 469 472 486 488 495 502 507 519 529 533 538 547 552 555 558 564 573 579 603 607 611 614 620 635 641
3,15,685.0,1.3564659966250538,1511.284598099993,,1 11 14 25 28 33 37 42 49 54 62 65 75 78 94 101 102 111 114 121 124 127 129 131 135 142 145 147 162 168 172 174 176 180 204 207 215 217 219 228 234 241 242 244 253 255 260 287 293 307 310 313 322 325 327 331 340 356 360 380 382 400 403 409 412 415 428 448 449 450 452 457 463 469 472 486 488 495 502 507 519 529 533 538 547 552 555 558 564 573 579 603 607 611 614 620 635 641
3,16,690.0,1.9390719429665317,1533.1760166333247,,1 11 14 25 28 33 37 42 49 54 62 65 75 78 93 94 101 111 114 121 124 127 129 131 135 142 145 147 162 168 172 174 176 180 204 207 215 217 219 222 228 234 241 242 244 253 255 260 287 293 307 310 313 322 325 327 331 356 360 380 382 400 403 409 412 415 428 448 449 450 452 457 463 469 472 486 488 495 502 507 519 530 533 538 546 547 552 555 558 564 573 579 603 607 611 614 620 635 641
3,17,695.0,1.6733200530681511,1614.5657039666578,,1 11 14 25 28 33 42 49 54 62 65 75 76 78 93 94 111 114 121 124 127 129 131 135 142 145 147 162 168 172 174 176 180 204 207 215 217 219 222 228 234 241 242 244 253 255 260 280 287 293 307 310 313 322 325 327 331 348 356 360 380 382 400 403 409 412 415 428 448 449 450 452 457 463 469 472 486 488 495 502 507 519 530 533 538 546 547 552 555 558 564 573 579 603 607 611 614 620 635 641
4,0,690.0,0.4,1661.0304036666605,,6 11 23 25 28 49 53 55 65 74 80 83 85 86 94 101 104 110 111 114 124 127 131 133 135 137 142 143 145 149 153 154 166 172 184 186 191 205 207 219 238 242 244 256 257 272 277 286 287 300 303 306 308 317 323 338 346 356 367 376 380 382 388 390 417 421 428 436 448 450 457 458 460 469 473 484 488 492 495 508 519 530 533 546 547 548 550 555 564 573 579 607 612 614 615 620 635 640 641
4,1,690.0,0.9797958971132712,1655.0668301666612,,6 11 23 25 28 49 53 55 65 80 83 85 86 94 101 104 110 111 114 124 127 131 133 135 137 142 143 145 149 153 154 166 172 186 191 205 207 219 238 242 244 256 257 272 277 286 287 300 303 306 308 317 323 338 346 356 367 376 380 382 388 390 417 421 428 436 444 448 450 457 458 460 469 473 484 488 492 495 508 519 530 533 546 547 548 550 555 564 573 579 590 607 612 614 615 620 635 640 641
4,2,695.0,0.6324555320336759,1780.367884999995,,6 11 23 25 28 49 53 55 65 76 80 83 85 86 94 95 104 110 111 114 124 127 131 133 135 137 142 143 145 149 153 154 166 172 184 186 191 205 207 219 238 242 244 256 257 272 277 286 287 300 303 306 308 317 323 338 346 356 367 376 380 382 388 390 417 421 428 436 448 450 457 458 460 469 473 482 484 488 492 495 508 519 530 533 546 547 548 550 555 564 573 579 590 607 612 615 620 635 640 641
4,3,690.0,0.7483314773547883,1656.551990166661,,6 11 23 25 28 49 53 55 65 80 83 85 86 94 101 104 110 111 114 124 127 131 133 135 137 142 143 145 149 153 154 166 172 184 186 191 205 207 219 238 242 244 256 257 272 277 286 287 300 303 306 308 317 323 338 346 356 367 376 380 382 388 390 417 421 428 436 448 450 457 458 460 469 473 484 488 492 495 508 519 530 533 546 547 548 550 555 564 573 579 590 607 612 614 615 620 635 640 641
4,4,685.0,1.2,1626.1545508333293,,6 11 23 25 28 49 53 55 65 80 83 85 86 94 101 104 110 111 114 124 127 131 133 135 137 143 145 149 153 154 166 172 184 186 191 205 207 219 238 244 256 257 267 272 277 286 287 300 303 306 308 323 338 346 356 367 376 377 380 382 388 390 417 421 428 436 448 450 457 458 460 469 473 484 488 492 495 508 519 530 533 547 548 550 555 564 573 579 585 590 607 612 614 615 620 635 640 641
4,5,695.0,1.6733200530681511,1777.8650969999946,,6 11 23 25 28 49 53 55 65 76 80 83 85 86 94 95 104 110 111 114 124 127 131 133 135 137 142 143 145 149 153 154 166 172 186 191 205 207 219 238 242 244 256 257 272 277 286 287 300 303 306 308 317 323 346 356 367 376 380 382 388 390 417 421 428 436 444 448 450 457 458 460 469 472 473 482 484 488 492 495 508 519 530 533 546 547 548 550 555 564 573 579 590 607 612 615 620 635 640 641
4,6,695.0,1.0954451150103321,1778.8827249999956,,6 11 23 25 28 49 53 55 65 76 80 83 85 86 94 95 104 110 111 114 124 127 131 133 135 137 142 143 145 149 153 154 166 172 186 191 205 207 219 238 242 244 256 257 272 277 286 287 300 303 306 308 317 323 338 346 356 367 376 380 382 388 390 417 421 428 436 444 448 450 457 458 460 469 473 482 484 488 492 495 508 519 530 533 546 547 548 550 555 564 573 579 590 607 612 615 620 635 640 641
4,7,695.0,0.0,1783.111249499995,,6 11 23 25 28 49 53 55 65 76 80 83 85 86 94 95 104 110 111 114 124 127 131 133 135 137 142 143 145 149 153 154 166 172 184 186 191 205 207 219 238 242 244 256 257 272 277 284 286 287 300 303 306 308 317 323 338 346 356 367 376 380 382 388 390 421 428 436 448 450 457 458 460 469 473 482 484 488 492 495 508 519 530 533 546 547 548 550 555 564 573 579 590 607 612 615 620 635 640 641
4,8,685.0,1.624807680927192,1624.6693908333298,,6 11 23 25 28 49 53 55 65 80 83 85 86 94 101 104 110 111 114 124 127 131 133 135 137 143 145 149 153 154 166 172 186 191 205 207 219 238 244 256 257 267 272 277 286 287 300 303 306 308 323 338 346 356 367 376 377 380 382 388 390 417 421 428 436 444 448 450 457 458 460 469 473 484 488 492 495 508 519 530 533 547 548 550 555 564 573 579 585 590 607 612 614 615 620 635 640 641
4,9,690.0,1.469693845669907,1654.0492021666607,,6 11 23 25 28 49 53 55 65 80 83 85 86 94 101 104 110 111 114 124 127 131 133 135 137 142 143 145 149 153 154 166 172 186 191 205 207 219 238 242 244 256 257 272 277 286 287 300 303 306 308 317 323 346 356 367 376 380 382 388 390 417 421 428 436 444 448 450 457 458 460 469 472 473 484 488 492 495 508 519 530 533 546 547 548 550 555 564 573 579 590 607 612 614 615 620 635 640 641
4,10,685.0,0.8,1628.8979153333291,,6 11 23 25 28 49 53 55 65 80 83 85 86 94 101 104 110 111 114 124 127 131 133 135 137 143 145 149 153 154 166 172 184 186 191 205 207 219 238 244 256 257 267 272 277 284 286 287 300 303 306 308 323 338 346 356 367 376 377 380 382 388 390 421 428 436 448 450 457 458 460 469 473 484 488 492 495 508 519 530 533 547 548 550 555 564 573 579 585 590 607 612 614 615 620 635 640 641
4,11,685.0,2.1540659228538015,1623.6517628333288,,6 11 23 25 28 49 53 55 65 80 83 85 86 94 101 104 110 111 114 124 127 131 133 135 137 143 145 149 153 154 166 172 186 191 205 207 219 238 244 256 257 267 272 277 286 287 300 303 306 308 323 346 356 367 376 377 380 382 388 390 417 421 428 436 444 448 450 457 458 460 469 472 473 484 488 492 495 508 519 530 533 547 548 550 555 564 573 579 585 590 607 612 614 615 620 635 640 641
4,12,685.0,0.4898979485566356,1633.3763288333287,,6 11 23 25 28 49 53 55 65 74 80 83 85 86 94 101 104 110 111 114 124 127 131 133 135 137 143 145 149 153 154 166 172 184 186 191 205 207 219 238 244 256 257 267 272 277 284 286 287 300 303 306 308 323 338 346 356 367 376 377 380 382 388 390 421 428 436 448 450 457 458 460 469 473 484 488 492 495 508 519 530 533 547 548 550 555 564 573 579 585 607 612 614 615 620 635 640 641
5,0,690.0,0.4,1639.9955086594127,,11 14 18 19 25 32 37 42 52 65 72 75 80 83 88 94 96 104 105 119 127 147 149 151 155 160 166 170 174 188 193 204 213 222 228 230 232 234 235 238 240 241 242 245 255 258 260 265 268 275 305 308 312 321 339 346 349 363 372 381 385 391 402 408 417 421 427 431 436 444 450 458 460 464 467 469 473 481 491 517 519 523 530 538 543 545 546 555 564 565 573 574 579 590 607 614 620 635 641
5,1,690.0,0.7483314773547883,1633.4005821594126,,11 14 18 19 25 32 37 42 52 65 72 75 80 83 88 94 96 104 105 119 127 147 149 151 155 160 166 170 174 188 193 204 213 222 228 230 232 234 235 238 240 241 242 245 255 258 260 265 275 305 308 312 321 339 346 349 363 372 381 385 391 402 403 408 417 421 427 431 436 444 450 458 460 464 467 469 481 491 517 519 523 530 538 543 545 546 555 564 565 573 574 579 590 607 611 614 620 635 641
5,2,690.0,1.6,1628.2390354927481,,11 14 19 25 32 37 42 52 65 72 75 80 83 88 94 96 104 105 119 127 147 149 151 155 160 166 170 174 188 193 204 213 222 228 230 232 234 235 238 240 241 242 245 255 258 260 275 305 308 312 321 339 346 349 363 372 381 385 391 399 402 403 408 417 421 427 431 436 444 450 458 460 464 467 469 481 491 517 519 523 530 533 538 543 545 546 555 564 565 573 574 579 590 607 611 614 620 635 641
5,3,690.0,2.3151673805580453,1627.5588603260815,,11 19 25 32 37 42 52 65 72 75 80 83 88 94 96 104 105 119 127 147 149 151 155 160 166 170 174 188 193 204 213 222 228 230 232 235 238 240 241 242 245 255 258 260 275 305 308 312 321 339 346 349 363 372 381 385 391 399 402 403 408 417 421 427 431 436 444 450 458 460 464 467 469 481 491 499 517 519 523 530 531 533 538 543 545 546 555 564 565 573 574 579 590 607 611 614 620 635 641
5,4,685.0,2.1540659228538015,1572.6961024927493,,11 14 19 25 32 37 42 52 65 72 75 80 83 88 94 104 105 119 127 129 149 151 155 160 166 170 174 193 204 213 222 228 230 232 235 238 240 241 242 245 255 258 260 265 275 305 308 312 321 339 346 349 363 372 381 385 402 403 407 408 417 421 427 431 436 444 450 458 460 464 467 469 481 491 499 517 519 523 529 533 538 543 545 555 564 565 573 574 579 586 590 607 611 614 615 620 635 641
5,5,690.0,1.32664991614216,1628.5625261594134,,11 14 19 25 32 37 42 52 65 72 75 80 83 88 94 96 104 105 119 127 147 149 151 155 160 166 170 174 188 193 204 213 222 228 230 232 234 235 238 240 241 242 245 255 258 260 265 275 305 308 312 321 339 346 349 363 372 381 385 391 402 403 408 417 421 427 431 436 444 450 458 460 464 467 469 481 491 517 519 523 530 533 538 543 545 546 555 564 565 573 574 579 590 607 611 614 620 635 641
5,6,690.0,1.8330302779823362,1628.2335776594139,,11 14 19 25 32 37 42 52 65 72 75 80 83 88 94 96 104 105 119 127 147 149 151 155 160 166 170 174 188 193 204 213 222 228 230 232 235 238 240 241 242 245 255 258 260 275 305 308 312 321 339 346 349 363 372 381 385 391 399 402 403 408 417 421 427 431 436 444 450 458 460 464 467 469 481 491 499 517 519 523 530 533 538 543 545 546 555 564 565 573 574 579 590 607 611 614 620 635 641
5,7,685.0,1.3564659966250538,1574.8989764927485,,11 14 19 25 32 37 42 52 65 72 75 80 83 88 94 96 104 105 119 127 129 149 151 155 160 166 170 174 193 203 213 222 228 230 232 234 235 238 240 241 242 245 255 258 260 265 275 305 308 312 321 339 346 349 363 372 381 385 402 403 407 408 417 421 427 431 436 444 450 458 460 464 467 469 481 491 517 519 523 530 533 538 543 545 546 555 564 565 573 574 579 590 607 611 614 620 635 641
5,8,690.0,1.16619037896906,1632.8993859927466,,11 14 19 25 32 37 42 52 65 72 75 80 83 88 94 96 104 105 119 127 147 149 151 155 160 166 170 174 188 193 204 213 222 228 230 232 234 235 238 240 241 242 245 255 258 260 265 275 305 308 312 321 339 346 349 363 372 381 385 391 402 403 408 417 421 427 431 436 444 450 458 460 464 467 469 473 481 491 517 519 523 530 533 538 543 545 546 555 564 565 573 574 579 590 607 614 620 635 641
5,9,690.0,0.9797958971132712,1633.3951243260783,,11 14 18 19 25 32 37 42 52 65 72 75 80 83 88 94 96 104 105 119 127 147 149 151 155 160 166 170 174 188 193 204 213 222 228 230 232 235 238 240 241 242 245 255 258 260 265 275 305 308 312 321 339 346 349 363 372 381 385 391 402 403 408 417 421 427 431 436 444 450 458 460 464 467 469 481 491 499 517 519 523 530 538 543 545 546 555 564 565 573 574 579 590 607 611 614 620 635 641
5,10,695.0,0.6324555320336759,1708.8505046594134,,11 14 18 19 25 32 37 42 52 65 72 75 76 80 83 88 94 95 104 119 127 147 149 151 155 160 166 170 174 188 193 204 213 222 228 230 232 234 235 238 240 241 242 245 255 258 260 265 275 305 308 312 321 339 346 349 353 363 372 381 385 391 402 403 408 417 421 427 431 436 444 450 458 460 464 467 469 481 491 517 519 523 530 538 543 545 546 555 564 565 573 574 579 590 607 611 615 620 635 641
5,11,685.0,0.4898979485566356,1586.9602869927467,,11 14 18 19 25 32 37 42 52 65 72 75 80 83 88 94 96 104 105 119 127 129 149 151 155 160 166 170 174 193 203 213 222 228 230 232 234 235 238 240 241 242 245 255 258 260 265 268 275 305 308 312 321 339 346 349 363 372 381 385 402 407 408 417 421 427 431 436 444 450 458 460 464 467 469 473 481 491 517 518 523 530 538 543 545 546 555 564 565 573 574 579 590 607 614 620 635 641
5,12,690.0,1.469693845669907,1628.5570683260792,,11 14 19 25 32 37 42 52 65 72 75 80 83 88 94 96 104 105 119 127 147 149 151 155 160 166 170 174 188 193 204 213 222 228 230 232 235 238 240 241 242 245 255 258 260 265 275 305 308 312 321 339 346 349 363 372 381 385 391 402 403 408 417 421 427 431 436 444 450 458 460 464 467 469 481 491 499 517 519 523 530 533 538 543 545 546 555 564 565 573 574 579 590 607 611 614 620 635 641
5,13,685.0,0.8,1580.722055159414,,11 14 18 19 25 32 37 42 52 65 72 75 80 83 88 94 96 104 105 119 127 149 151 155 160 166 170 174 193 203 213 222 226 228 230 232 234 235 238 240 241 242 245 255 258 260 265 275 305 308 312 321 339 346 349 363 372 381 385 391 402 403 407 408 417 421 427 431 436 444 450 458 460 464 467 469 481 517 519 523 530 538 543 545 546 555 564 565 573 574 579 590 607 611 614 620 635 641
5,14,695.0,1.2649110640673518,1704.0124486594148,,11 14 19 25 32 37 42 52 65 72 75 76 80 83 88 94 95 104 119 127 147 149 151 155 160 166 170 174 188 193 204 213 222 228 230 232 234 235 238 240 241 242 245 255 258 260 265 275 305 308 312 321 339 346 349 353 363 372 381 385 391 402 403 408 417 421 427 431 436 444 450 458 460 464 467 469 481 491 517 519 523 530 533 538 543 545 546 555 564 565 573 574 579 590 607 611 615 620 635 641
5,15,695.0,1.6733200530681511,1703.6835001594152,,11 14 19 25 32 37 42 52 65 72 75 76 80 83 88 94 95 104 119 127 147 149 151 155 160 166 170 174 188 193 204 213 222 228 230 232 235 238 240 241 242 245 255 258 260 275 305 308 312 321 339 346 349 353 363 372 381 385 391 399 402 403 408 417 421 427 431 436 444 450 458 460 464 467 469 481 491 499 517 519 523 530 533 538 543 545 546 555 564 565 573 574 579 590 607 611 615 620 635 641
5,16,685.0,1.2,1578.666693492746,,11 14 18 19 25 32 37 42 52 65 72 75 80 83 88 94 96 104 105 119 127 149 151 155 160 166 170 174 193 203 213 222 228 230 232 234 235 238 240 241 242 245 255 258 260 265 275 305 308 312 321 339 346 349 363 372 381 385 391 402 403 407 408 417 421 427 431 436 444 450 458 460 464 467 469 481 491 517 519 523 530 538 543 545 546 555 564 565 573 574 579 590 607 611 614 620 635 641
5,17,690.0,2.1354156504062622,1627.5643181594157,,11 19 25 32 37 42 52 65 72 75 80 83 88 94 96 104 105 119 127 147 149 151 155 160 166 170 174 188 193 204 213 222 228 230 232 234 235 238 240 241 242 245 255 258 260 275 305 308 312 321 339 346 349 363 372 381 385 391 399 402 403 408 417 421 427 431 436 444 450 458 460 464 467 469 481 491 517 519 523 530 531 533 538 543 545 546 555 564 565 573 574 579 590 607 611 614 620 635 641
5,18,690.0,2.6381811916545836,1627.437177492747,,11 19 25 32 37 42 52 65 72 75 80 83 88 94 104 105 119 127 147 149 151 155 160 166 170 174 188 193 204 213 222 228 230 232 235 238 240 241 242 245 255 258 260 265 275 305 308 312 321 339 346 349 363 372 381 385 391 402 403 408 417 421 427 431 436 444 450 458 460 464 467 469 481 491 499 517 519 523 530 531 533 538 543 545 546 555 564 565 573 574 579 590 607 611 614 615 620 635 641
5,19,695.0,0.0,1720.7151409927453,,11 14 18 19 25 32 37 42 52 65 72 75 76 80 83 88 94 95 96 104 119 127 147 149 151 155 160 166 170 174 188 193 204 213 222 228 230 232 234 235 238 240 241 242 245 255 258 260 265 275 305 308 312 321 339 346 349 353 363 372 381 385 391 402 403 408 417 421 427 431 436 444 450 458 460 464 467 469 481 491 517 519 523 530 538 543 545 546 555 564 565 573 574 579 590 607 611 620 635 641
5,20,685.0,1.624807680927192,1573.8286374927468,,11 14 19 25 32 37 42 52 65 72 75 80 83 88 94 96 104 105 119 127 149 151 155 160 166 170 174 193 203 213 222 228 230 232 234 235 238 240 241 242 245 255 258 260 265 275 305 308 312 321 339 346 349 363 372 381 385 391 402 403 407 408 417 421 427 431 436 444 450 458 460 464 467 469 481 491 517 519 523 530 533 538 543 545 546 555 564 565 573 574 579 590 607 611 614 620 635 641
5,21,690.0,1.9390719429665317,1627.887808826081,,11 19 25 32 37 42 52 65 72 75 80 83 88 94 96 104 105 119 127 147 149 151 155 160 166 170 174 188 193 204 213 222 228 230 232 234 235 238 240 241 242 245 255 258 260 265 275 305 308 312 321 339 346 349 363 372 381 385 391 402 403 408 417 421 427 431 436 444 450 458 460 464 467 469 481 491 517 519 523 530 531 533 538 543 545 546 555 564 565 573 574 579 590 607 611 614 620 635 641
5,22,695.0,0.8944271909999159,1708.5270139927482,,11 14 18 19 25 32 37 42 52 65 72 75 76 80 83 88 94 95 104 119 127 147 149 151 155 160 166 170 174 188 193 204 213 222 228 230 232 234 235 238 240 241 242 245 255 258 260 275 305 308 312 321 339 346 349 353 363 372 381 385 391 399 402 403 408 417 421 427 431 436 444 450 458 460 464 467 469 481 491 517 519 523 530 538 543 545 546 555 564 565 573 574 579 590 607 611 615 620 635 641
5,23,695.0,1.4142135623730951,1703.6889579927495,,11 14 19 25 32 37 42 52 65 72 75 76 80 83 88 94 95 104 119 127 147 149 151 155 160 166 170 174 188 193 204 213 222 228 230 232 234 235 238 240 241 242 245 255 258 260 275 305 308 312 321 339 346 349 353 363 372 381 385 391 399 402 403 408 417 421 427 431 436 444 450 458 460 464 467 469 481 491 517 519 523 530 533 538 543 545 546 555 564 565 573 574 579 590 607 611 615 620 635 641
5,24,690.0,2.85657137141714,1627.1136868260817,,11 19 25 32 37 42 52 65 72 75 80 83 88 94 104 105 119 127 147 149 151 155 160 166 170 174 188 193 204 213 222 228 230 232 235 238 240 241 242 245 255 258 260 275 305 308 312 321 339 346 349 363 372 381 385 391 399 402 403 408 417 421 427 431 436 444 450 458 460 464 467 469 481 491 499 517 519 523 530 531 533 538 543 545 546 555 564 565 573 574 579 590 607 611 614 615 620 635 641
5,25,695.0,1.8973665961010275,1702.8437233260809,,11 19 25 32 37 42 52 65 72 75 76 80 83 88 94 95 104 119 127 147 149 151 155 160 166 170 174 188 193 204 213 222 228 230 232 234 235 238 240 241 242 245 255 258 260 265 275 305 308 312 321 339 346 349 353 363 372 381 385 391 402 403 408 417 421 427 431 436 444 450 458 460 464 467 469 481 491 517 519 523 530 531 533 538 543 545 546 555 564 565 573 574 579 590 607 611 615 620 635 641
5,26,690.0,2.5612496949731396,1627.4426353260812,,11 19 25 32 37 42 52 65 72 75 80 83 88 94 104 105 119 127 147 149 151 155 160 166 170 174 188 193 204 213 222 228 230 232 234 235 238 240 241 242 245 255 258 260 265 275 305 308 312 321 339 346 349 363 372 381 385 391 402 403 408 417 421 427 431 436 444 450 458 460 464 467 469 481 491 517 519 523 530 531 533 538 543 545 546 555 564 565 573 574 579 590 607 611 614 615 620 635 641
5,27,695.0,2.0,1702.5202326594151,,11 19 25 32 37 42 52 65 72 75 76 80 83 88 94 95 104 119 127 147 149 151 155 160 166 170 174 188 193 204 213 222 228 230 232 234 235 238 240 241 242 245 255 258 260 275 305 308 312 321 339 346 349 353 363 372 381 385 391 399 402 403 408 417 421 427 431 436 444 450 458 460 464 467 469 481 491 517 519 523 530 531 533 538 543 545 546 555 564 565 573 574 579 590 607 611 615 620 635 641
5,28,695.0,1.0954451150103321,1704.3659158260828,,11 14 19 25 32 37 42 52 65 72 75 76 80 83 88 94 95 104 119 127 147 149 151 155 160 166 170 174 188 193 204 213 222 228 230 232 234 235 238 240 241 242 245 255 258 260 265 275 305 308 312 321 339 346 349 353 363 372 381 385 391 402 403 408 417 421 427 431 436 444 450 458 460 464 467 469 473 481 491 517 519 523 530 533 538 543 545 546 555 564 565 573 574 579 590 607 615 620 635 641
5,29,690.0,2.7129319932501073,1627.119144659416,,11 19 25 32 37 42 52 65 72 75 80 83 88 94 104 105 119 127 147 149 151 155 160 166 170 174 188 193 204 213 222 228 230 232 234 235 238 240 241 242 245 255 258 260 275 305 308 312 321 339 346 349 363 372 381 385 391 399 402 403 408 417 421 427 431 436 444 450 458 460 464 467 469 481 491 517 519 523 530 531 533 538 543 545 546 555 564 565 573 574 579 590 607 611 614 615 620 635 641
5,30,690.0,2.039607805437114,1627.8823509927468,,11 19 25 32 37 42 52 65 72 75 80 83 88 94 96 104 105 119 127 147 149 151 155 160 166 170 174 188 193 204 213 222 228 230 232 235 238 240 241 242 245 255 258 260 265 275 305 308 312 321 339 346 349 363 372 381 385 391 402 403 408 417 421 427 431 436 444 450 458 460 464 467 469 481 491 499 517 519 523 530 531 533 538 543 545 546 555 564 565 573 574 579 590 607 611 614 620 635 641
6,0,695.0,0.6324555320336759,1884.0188780000099,,10 14 23 24 26 33 35 39 52 63 71 75 76 83 91 94 102 109 112 114 124 131 135 144 145 148 149 158 166 170 174 176 182 188 193 201 207 211 219 226 234 245 246 260 264 268 272 280 289 298 308 315 321 322 332 334 340 346 349 353 363 376 377 379 383 389 390 391 409 417 419 422 424 428 444 450 452 461 477 492 497 505 508 517 523 530 533 546 555 573 574 579 596 606 611 614 620 626 640 641
6,1,680.0,1.9595917942265424,1716.3732239333394,,0 10 14 23 24 33 36 39 63 71 75 83 91 94 101 102 109 111 124 135 144 145 148 149 158 166 170 174 176 182 193 201 207 211 219 226 234 235 245 246 260 265 268 272 280 289 298 308 315 322 332 334 340 346 353 363 376 377 379 383 389 390 391 409 417 419 422 424 428 430 443 444 450 452 457 461 477 492 497 508 517 522 530 533 539 555 573 574 585 596 606 611 614 620 626 640 641
6,2,690.0,0.4,1791.5980742666711,,0 10 14 23 24 33 35 39 63 71 75 76 83 91 94 102 109 112 114 124 131 135 144 145 148 149 158 166 170 174 176 182 193 201 207 211 219 226 234 245 246 260 265 268 272 280 289 298 308 315 321 322 332 334 340 346 349 353 363 376 377 379 383 389 391 409 417 419 422 424 428 430 444 450 452 461 477 492 497 508 517 522 526 530 533 539 555 573 574 579 585 596 606 611 614 620 626 640 641
6,3,695.0,0.8944271909999159,1879.1515142666774,,10 14 23 24 26 33 35 39 63 71 75 76 83 91 94 102 109 112 114 124 131 135 144 145 148 149 158 166 170 174 176 182 188 193 201 207 211 219 226 234 245 246 260 265 268 272 280 289 298 308 315 321 322 332 334 340 346 349 353 363 376 377 379 383 389 390 391 409 417 419 422 424 428 430 444 450 452 461 477 492 497 505 508 517 523 530 533 546 555 573 574 579 596 606 611 614 620 626 640 641
6,4,690.0,0.7483314773547883,1787.2523489333378,,0 10 14 23 24 33 35 39 63 71 75 76 83 91 94 102 109 112 114 124 131 135 144 145 148 149 158 166 168 170 174 176 182 193 201 207 211 219 226 234 245 246 260 265 268 272 280 289 298 308 315 321 322 332 334 340 346 349 353 363 376 377 379 383 389 390 391 409 417 419 422 424 428 444 450 452 461 477 492 497 508 517 522 530 533 539 555 573 574 579 585 596 606 611 614 620 626 640 641
6,5,695.0,1.2649110640673518,1874.00811693334,,0 10 14 23 24 26 33 35 39 63 71 75 76 83 91 94 102 109 112 114 124 131 135 144 145 148 149 158 166 168 170 174 176 182 188 193 201 207 211 219 226 234 245 246 260 265 268 272 280 289 298 308 315 321 322 332 334 340 346 349 353 363 376 377 379 383 389 390 391 409 417 419 422 424 428 444 450 452 461 477 492 497 508 517 523 530 533 546 555 573 574 579 596 606 611 614 620 626 640 641
6,6,680.0,1.3564659966250536,1718.6371222666735,,0 10 14 23 24 33 36 39 63 71 75 83 91 94 101 102 109 111 124 135 144 145 148 149 158 166 168 170 174 176 182 193 201 207 211 219 226 234 235 245 246 260 265 268 272 280 289 298 308 315 322 332 334 340 346 353 363 376 377 379 383 389 390 391 409 417 419 422 424 428 444 450 452 457 461 477 492 497 508 517 523 530 533 539 555 573 574 579 585 596 606 611 614 620 626 640 641
6,7,685.0,0.4898979485566356,1746.6039459333365,,0 10 14 23 24 33 35 39 52 63 71 75 83 91 94 101 102 109 112 114 124 131 135 144 145 148 149 158 166 170 174 176 182 193 201 207 211 219 226 234 245 246 260 265 268 272 280 289 298 308 315 321 322 332 334 340 346 353 363 376 377 379 383 389 391 409 417 419 422 424 428 444 450 452 461 477 492 497 508 517 522 526 530 533 539 555 573 574 579 585 596 606 611 614 620 626 640 641
6,8,685.0,0.8,1731.2257442666717,,0 10 14 23 24 33 36 39 63 71 75 83 91 94 101 102 109 112 114 124 131 135 144 145 148 149 158 166 168 170 174 176 182 193 201 207 211 219 226 234 245 246 260 265 268 272 280 289 298 308 315 321 322 332 334 340 346 353 363 376 377 379 383 389 390 391 409 417 419 422 424 428 444 450 452 461 477 492 497 508 517 522 530 533 539 555 573 574 579 585 596 606 611 614 620 626 640 641
6,9,695.0,1.6733200530681511,1867.8679196000064,,0 10 14 23 24 26 33 35 39 63 71 75 76 83 91 94 102 109 112 114 124 131 135 144 145 148 149 158 166 168 170 174 176 182 188 193 201 207 211 219 226 234 245 246 260 265 268 272 280 289 298 308 315 321 322 332 334 340 346 349 353 363 376 377 379 383 389 390 391 409 417 419 422 424 428 443 444 450 452 461 477 492 497 508 517 523 530 533 546 555 573 574 596 606 611 614 620 626 640 641
6,10,695.0,1.4142135623730951,1873.0113169333433,,10 14 23 24 26 33 35 39 63 71 75 76 83 91 94 102 109 112 114 124 131 135 144 145 148 149 158 166 170 174 176 182 188 193 201 207 211 219 226 234 245 246 260 265 268 272 280 289 298 308 315 321 322 332 334 340 346 349 353 363 376 377 379 383 389 390 391 409 417 419 422 424 428 430 443 444 450 452 461 477 492 497 505 508 517 523 530 533 546 555 573 574 596 606 611 614 620 626 640 641
6,11,680.0,1.2,1728.5143330000044,,0 10 14 23 24 33 35 39 63 71 75 83 91 94 101 102 109 111 124 135 144 145 148 149 158 166 168 170 174 176 182 193 201 207 211 219 226 234 235 245 246 260 264 268 272 280 289 298 308 315 322 332 334 340 346 353 363 376 377 379 383 389 391 409 417 419 422 424 428 444 450 452 457 461 477 492 497 508 517 522 526 530 533 539 555 573 574 579 585 596 606 611 614 620 626 640 641
6,12,690.0,1.16619037896906,1786.4390189333387,,0 10 14 23 24 33 35 39 63 71 75 76 83 91 94 102 109 112 114 124 131 135 144 145 148 149 158 166 168 170 174 176 182 193 201 207 211 219 226 234 245 246 260 265 268 272 280 289 298 308 315 321 322 332 334 340 346 349 353 363 376 377 379 383 389 390 391 409 417 419 422 424 428 437 444 450 452 461 477 492 497 508 517 522 530 533 539 555 573 579 585 596 606 611 614 620 626 640 641
6,13,695.0,1.0954451150103321,1875.4055209333414,,10 14 23 24 26 33 35 39 52 63 71 75 76 83 91 94 102 109 112 114 124 131 135 144 145 148 149 158 166 170 174 176 182 188 193 201 207 211 219 226 234 245 246 260 265 268 272 280 289 298 308 315 321 322 332 334 340 346 349 353 363 376 377 379 383 389 390 391 409 417 419 422 424 428 443 444 450 452 461 477 492 497 505 508 517 523 530 533 546 555 573 574 596 606 611 614 620 626 640 641
7,0,685.0,3.006659275674582,1579.470705433329,,14 15 25 28 42 49 58 59 65 69 94 101 103 113 116 119 121 123 126 129 142 145 160 162 166 170 172 186 191 193 204 205 213 219 223 226 230 240 254 260 262 265 268 272 276 280 282 308 322 325 327 336 346 363 364 369 372 376 377 380 388 390 408 409 417 428 430 439 448 450 456 463 464 469 472 488 492 517 519 529 533 538 547 553 555 564 573 574 579 586 590 607 611 614 615 620 635 641
7,1,695.0,0.0,1718.3443133666588,,0 9 14 15 19 25 28 39 42 49 58 59 65 69 76 78 94 98 103 113 119 121 126 129 142 145 147 160 162 166 170 172 186 191 204 205 213 219 223 230 240 254 260 265 268 276 280 308 317 322 325 327 336 343 348 356 363 364 369 372 376 377 380 388 390 408 409 417 428 430 439 448 450 456 463 464 469 472 488 492 517 519 530 533 538 546 547 553 555 564 573 574 579 590 607 611 614 620 635 641
7,2,690.0,1.469693845669907,1604.798567099996,,0 9 14 15 19 25 28 39 42 49 58 59 65 69 101 103 113 119 121 126 142 145 147 160 162 170 172 186 191 193 204 205 213 219 223 226 230 240 254 260 265 268 276 280 293 308 317 322 325 327 336 343 346 363 364 369 372 376 377 380 388 390 391 408 409 417 428 430 439 448 450 456 463 464 469 472 488 492 517 519 530 533 538 546 547 553 555 564 573 574 579 590 607 611 613 614 620 635 641
7,3,690.0,0.7483314773547883,1621.9416506999946,,0 9 14 15 19 25 28 39 42 49 58 59 65 69 98 101 103 113 115 119 121 126 129 142 145 147 160 162 170 172 186 191 193 204 205 213 219 223 230 240 254 260 265 268 276 280 293 308 317 322 325 327 336 343 356 363 364 369 376 377 380 388 390 408 409 417 428 430 439 448 450 456 463 464 469 472 488 492 517 519 530 533 538 546 547 553 555 564 573 574 579 590 607 611 613 614 620 635 641
7,4,690.0,1.6,1603.95391576666,,0 9 14 15 19 25 28 39 42 49 58 59 65 69 101 103 113 119 121 126 142 145 147 160 162 166 170 172 186 191 193 204 205 213 219 223 226 230 240 254 260 265 268 276 280 308 317 322 325 327 336 343 346 363 364 369 372 376 377 380 388 390 391 408 409 417 428 430 439 448 450 456 463 464 469 472 488 492 517 519 530 533 538 546 547 553 555 564 573 574 579 590 607 611 613 614 620 635 641
7,5,690.0,2.9257477676655586,1595.166231766659,,9 14 15 25 28 42 49 58 59 65 69 101 103 113 116 119 121 126 142 145 147 160 162 166 170 172 186 191 193 204 205 213 219 223 226 230 240 254 260 262 265 268 276 280 282 308 317 322 325 327 336 343 346 363 364 369 372 376 377 380 388 390 391 408 409 417 428 430 439 448 450 456 463 464 469 472 488 492 517 519 530 533 538 546 547 553 555 564 573 574 579 590 607 611 613 614 620 635 641
7,6,690.0,0.4,1625.8612904333293,,0 9 14 15 19 25 28 39 42 49 58 59 65 69 78 94 101 103 113 119 121 126 129 142 145 147 160 162 170 172 186 191 204 205 213 219 223 226 230 240 254 260 265 268 276 280 293 308 317 322 325 327 336 343 346 363 364 369 372 376 377 380 388 390 408 409 417 428 430 439 448 450 456 463 464 469 472 488 492 517 519 530 533 538 546 547 553 555 564 573 574 579 590 607 611 614 620 635 641
7,7,695.0,0.6324555320336759,1707.3978377666594,,0 9 14 15 19 25 28 39 42 49 58 59 65 69 76 78 94 103 113 119 121 126 142 145 147 160 162 166 170 172 186 191 204 205 213 219 223 226 230 240 254 260 265 268 276 280 308 317 322 325 327 336 343 346 348 363 364 369 372 376 377 380 388 390 391 408 409 417 428 430 439 448 450 456 463 464 469 472 488 492 517 519 530 533 538 546 547 553 555 564 573 574 579 590 607 611 614 620 635 641
7,8,685.0,1.3564659966250538,1585.2550653666572,,9 14 15 19 25 28 42 49 58 59 65 69 78 94 101 103 113 116 119 121 126 142 145 147 160 162 166 170 172 186 191 204 205 213 219 223 230 240 254 260 265 268 276 280 282 308 322 325 327 336 343 346 356 363 364 369 372 376 377 380 388 390 391 408 409 417 428 430 439 448 450 456 463 464 469 472 488 492 517 519 529 533 538 547 553 555 564 573 574 579 586 590 607 611 614 620 635 641
7,9,695.0,1.5491933384829668,1687.3705304333278,,0 9 14 15 19 25 28 39 42 49 58 59 65 69 76 103 113 119 121 126 142 145 147 160 162 166 170 172 186 191 193 204 205 213 219 223 226 230 240 254 260 265 268 276 280 308 317 322 325 327 336 343 346 348 363 364 369 372 376 377 380 388 390 391 408 409 417 428 430 439 448 450 456 463 464 469 472 488 492 517 519 530 533 538 546 547 553 555 564 573 574 579 590 607 611 613 614 620 635 641
7,10,690.0,2.4819347291981715,1597.8391864333257,,9 14 15 19 25 28 42 49 58 59 65 69 101 103 113 116 119 121 126 142 145 147 160 162 166 170 172 186 191 193 204 205 213 219 223 226 230 240 254 260 265 268 276 280 282 308 317 322 325 327 336 343 346 363 364 369 372 376 377 380 388 390 391 408 409 417 428 430 439 448 450 456 463 464 469 472 488 492 517 519 530 533 538 546 547 553 555 564 573 574 579 590 607 611 613 614 620 635 641
7,11,695.0,2.0,1686.2046257666643,,9 14 15 19 25 28 39 42 49 58 59 65 69 76 103 113 116 119 121 126 142 145 147 160 162 170 172 186 191 193 204 205 213 219 223 226 230 240 254 260 265 268 276 280 293 308 317 322 325 327 336 343 346 348 363 364 369 372 376 377 380 388 390 391 408 409 417 428 430 439 448 450 456 463 464 469 472 488 492 517 519 530 533 538 546 547 553 555 564 573 574 579 590 607 611 613 614 620 635 641
7,12,695.0,3.0983866769659336,1679.117268933327,,14 15 19 25 28 42 49 58 59 65 69 76 103 113 116 119 121 123 126 142 145 147 160 162 166 170 172 186 191 193 204 205 213 219 223 226 230 240 254 260 265 268 276 280 282 308 317 322 325 327 336 343 346 348 363 364 369 372 376 377 380 388 390 391 408 409 417 428 430 439 448 450 456 463 464 469 472 488 492 517 519 530 533 538 546 547 553 555 564 573 574 579 590 607 611 613 614 620 635 641
7,13,685.0,1.4966629547095767,1584.161111099992,,9 14 15 19 25 28 42 49 58 59 65 69 78 94 101 103 113 116 119 121 126 142 145 147 160 162 166 170 172 186 191 204 205 213 219 223 226 230 240 254 260 265 268 276 280 282 308 322 325 327 336 343 346 363 364 369 372 376 377 380 388 390 391 408 409 417 428 430 439 448 450 456 463 464 469 472 488 492 517 519 529 533 538 547 553 555 564 573 574 579 586 590 607 611 614 620 635 641
7,14,695.0,1.2649110640673518,1695.9582592333275,,0 9 14 15 19 25 28 39 42 49 58 59 65 69 76 98 103 113 119 121 126 142 145 147 160 162 166 170 172 186 191 193 204 205 213 219 223 226 230 240 254 260 265 268 276 280 308 317 322 325 327 336 343 348 363 364 369 372 376 377 380 388 390 391 408 409 417 428 430 439 448 450 456 463 464 469 472 488 492 517 519 530 533 538 546 547 553 555 564 573 574 579 590 607 611 613 614 620 635 641
7,15,695.0,2.5298221281347035,1681.2558010999935,,9 14 15 19 25 28 42 49 58 59 65 69 76 103 113 116 119 121 126 142 145 147 160 162 166 170 172 186 191 193 204 205 213 219 223 226 230 240 254 260 265 268 276 280 282 308 317 322 325 327 336 343 346 348 363 364 369 372 376 377 380 388 390 391 408 409 417 428 430 439 448 450 456 463 464 469 472 488 492 517 519 530 533 538 546 547 553 555 564 573 574 579 590 607 611 613 614 620 635 641
7,16,690.0,1.9390719429665317,1601.2809610999932,,0 9 14 15 25 28 39 42 49 58 59 65 69 101 103 113 119 121 126 142 145 147 160 162 166 170 172 186 191 193 204 205 213 219 223 226 230 240 254 260 262 265 268 276 280 308 317 322 325 327 336 343 346 363 364 369 372 376 377 380 388 390 391 408 409 417 428 430 439 448 450 456 463 464 469 472 488 492 517 519 530 533 538 546 547 553 555 564 573 574 579 590 607 611 613 614 620 635 641
7,17,690.0,1.16619037896906,1610.9951750999949,,0 9 14 15 19 25 28 39 42 49 58 59 65 69 101 103 113 115 119 121 126 142 145 147 160 162 170 172 186 191 193 204 205 213 219 223 226 230 240 254 260 265 268 276 280 293 308 317 322 325 327 336 343 346 363 364 369 376 377 380 388 390 391 408 409 417 428 430 439 448 450 456 463 464 469 472 488 492 517 519 530 533 538 546 547 553 555 564 573 574 579 590 607 611 613 614 620 635 641
7,18,695.0,2.0976176963403033,1685.2319982666613,,0 14 15 19 25 28 39 42 49 58 59 65 69 76 103 113 119 121 123 126 142 145 147 160 162 166 170 172 186 191 193 204 205 213 219 223 226 230 240 254 260 265 268 276 280 308 317 322 325 327 336 343 346 348 363 364 369 372 376 377 380 388 390 391 408 409 417 428 430 439 448 450 456 463 464 469 472 488 492 517 519 530 533 538 546 547 553 555 564 573 574 579 590 607 611 613 614 620 635 641
7,19,690.0,2.4,1598.6838377666618,,9 14 15 19 25 28 42 49 58 59 65 69 101 103 113 116 119 121 126 142 145 147 160 162 170 172 186 191 193 204 205 213 219 223 226 230 240 254 260 265 268 276 280 282 293 308 317 322 325 327 336 343 346 363 364 369 372 376 377 380 388 390 391 408 409 417 428 430 439 448 450 456 463 464 469 472 488 492 517 519 530 533 538 546 547 553 555 564 573 574 579 590 607 611 613 614 620 635 641
7,20,685.0,0.4898979485566356,1602.452631766661,,0 9 14 15 19 25 28 39 42 49 58 59 65 69 78 94 101 103 113 119 121 126 129 142 145 160 162 166 170 172 186 191 204 205 213 219 223 226 230 240 254 260 265 268 272 276 280 308 317 322 325 327 336 343 346 363 364 369 372 376 377 380 388 390 408 409 417 428 430 439 448 450 456 463 464 469 472 488 492 517 519 529 533 538 547 553 555 564 573 574 579 590 607 611 614 620 635 641
7,21,695.0,1.0954451150103321,1696.8029105666633,,0 9 14 15 19 25 28 39 42 49 58 59 65 69 76 98 103 113 119 121 126 142 145 147 160 162 170 172 186 191 193 204 205 213 219 223 226 230 240 254 260 265 268 276 280 293 308 317 322 325 327 336 343 348 363 364 369 372 376 377 380 388 390 391 408 409 417 428 430 439 448 450 456 463 464 469 472 488 492 517 519 530 533 538 546 547 553 555 564 573 574 579 590 607 611 613 614 620 635 641
7,22,685.0,1.019803902718557,1589.1918944333308,,0 9 14 15 19 25 28 39 42 49 58 59 65 69 94 101 103 113 119 121 126 142 145 147 160 162 170 172 186 191 193 204 205 213 219 223 226 230 240 254 260 265 268 276 280 293 308 322 325 327 336 343 346 363 364 369 372 376 377 380 388 390 391 408 409 417 428 430 439 448 450 456 463 464 469 472 488 492 517 519 529 533 538 547 553 555 564 573 574 579 586 590 607 611 614 620 635 641
7,23,690.0,0.9797958971132712,1614.3103006999925,,0 9 14 15 19 25 28 39 42 49 58 59 65 69 101 103 113 115 119 121 126 129 142 145 160 162 166 170 172 186 191 193 204 205 213 219 223 230 240 254 260 265 268 272 276 280 308 317 322 325 327 336 343 346 356 363 364 369 376 377 380 388 390 408 409 417 428 430 439 448 450 456 463 464 469 472 488 492 517 519 530 533 538 546 547 553 555 564 573 574 579 590 607 611 613 614 620 635 641
7,24,695.0,1.7888543819998317,1686.994469933328,,0 9 14 15 19 25 28 39 42 49 58 59 65 69 76 103 113 119 121 126 142 145 147 160 162 166 170 172 186 191 193 204 205 213 219 223 226 230 240 254 260 265 268 276 280 308 317 322 325 327 336 346 348 363 364 369 372 376 377 380 388 390 391 408 409 417 428 430 439 448 450 456 463 464 469 472 488 492 517 519 530 533 538 546 547 553 555 564 573 574 579 590 607 611 613 614 615 620 635 641
7,25,685.0,0.8,1591.1204917666626,,0 9 14 15 19 25 28 39 42 49 58 59 65 69 78 94 101 103 113 119 121 126 142 145 147 160 162 170 172 186 191 204 205 213 219 223 226 230 240 254 260 265 268 276 280 293 308 322 325 327 336 343 346 363 364 369 372 376 377 380 388 390 391 408 409 417 428 430 439 448 450 456 463 464 469 472 488 492 517 519 529 533 538 547 553 555 564 573 574 579 586 590 607 611 614 620 635 641
7,26,685.0,2.0591260281974,1583.6637324333285,,9 14 15 25 28 39 42 49 58 59 65 69 94 101 103 113 116 119 121 126 142 145 147 160 162 166 170 172 186 191 193 204 205 213 219 223 226 230 240 254 260 262 265 268 276 280 308 322 325 327 336 343 346 363 364 369 372 376 377 380 388 390 391 408 409 417 428 430 439 448 450 456 463 464 469 472 488 492 517 519 529 533 538 547 553 555 564 573 574 579 586 590 607 611 614 620 635 641
8,0,685.0,2.4166091947189146,1587.8349423666664,,9 11 14 16 18 25 47 49 58 59 65 69 80 94 101 103 104 110 111 114 116 119 129 131 135 137 142 147 149 158 166 170 172 187 193 202 206 211 213 217 231 234 246 254 270 280 282 287 296 308 313 320 333 334 343 356 359 376 380 388 390 403 408 417 422 428 439 450 452 456 458 460 463 469 473 481 488 508 511 517 519 530 538 543 547 550 553 555 573 574 579 585 607 614 620 635 640 641
8,1,685.0,0.8,1593.6980250333277,,9 11 14 16 18 25 47 49 58 59 65 69 80 94 101 103 104 110 111 114 116 119 129 131 135 147 149 158 166 170 172 187 193 202 206 211 213 217 231 234 246 254 264 267 270 280 282 287 296 308 313 320 333 334 343 356 359 366 376 380 388 390 403 408 417 422 428 439 450 452 456 458 460 463 469 473 481 488 508 511 517 519 530 538 543 547 550 553 555 573 574 579 585 607 614 620 640 641
8,2,685.0,1.8547236990991407,1588.2911850333335,,9 11 14 16 18 25 47 49 58 59 65 69 80 94 101 103 104 110 111 114 116 119 129 131 135 137 142 147 149 158 170 172 187 193 202 206 211 213 217 231 234 246 254 270 280 282 287 293 296 308 313 320 333 334 343 356 359 376 380 388 390 403 408 417 422 428 439 450 452 456 458 460 463 469 473 481 488 508 511 517 519 530 538 543 547 550 553 555 573 574 579 585 607 614 620 635 640 641
8,3,690.0,0.9797958971132712,1613.9010023666665,,9 11 14 16 18 25 47 49 58 59 65 69 80 94 101 103 104 110 111 114 116 119 129 131 135 137 142 149 158 166 170 172 187 193 202 206 211 213 217 231 234 242 246 254 270 272 280 282 287 296 308 313 317 320 333 334 343 356 359 376 380 388 390 403 408 417 422 428 439 450 452 456 458 460 463 469 473 481 488 508 517 519 530 538 543 546 547 550 553 555 573 574 579 607 614 620 635 640 641
8,4,690.0,0.4,1614.3572450333336,,9 11 14 16 18 25 47 49 58 59 65 69 80 94 101 103 104 110 111 114 116 119 129 131 135 137 142 149 158 170 172 187 193 202 206 211 213 217 231 234 242 246 254 270 272 280 282 287 293 296 308 313 317 320 333 334 343 356 359 376 380 388 390 403 408 417 422 428 439 450 452 456 458 460 463 469 473 481 488 508 517 519 530 538 543 546 547 550 553 555 573 574 579 607 614 620 635 640 641
8,5,685.0,1.3564659966250538,1590.7475917000002,,9 11 14 16 18 25 47 49 58 59 65 69 80 94 101 103 104 110 111 114 116 119 129 131 135 137 142 149 158 170 172 187 193 202 206 211 213 217 231 234 246 254 270 272 280 282 287 293 296 308 313 320 333 334 343 356 359 376 380 388 390 403 408 417 422 428 439 450 452 456 458 460 463 469 473 481 488 508 511 517 519 530 538 543 547 550 553 555 573 574 579 585 607 614 620 635 640 641
8,6,685.0,0.4898979485566356,1600.1942850333285,,9 11 14 16 18 25 47 49 58 59 69 80 94 101 103 104 110 111 114 116 119 129 131 135 147 149 158 166 170 172 187 193 202 206 211 213 217 231 234 246 254 264 267 270 280 282 287 296 308 309 313 320 333 334 343 356 359 366 376 380 388 390 403 408 417 422 428 439 450 452 456 458 460 463 469 473 481 488 508 511 517 519 530 538 543 547 550 553 555 573 574 579 585 607 614 620 640 641
8,7,685.0,1.019803902718557,1592.508014366665,,9 11 14 16 18 25 47 49 58 59 65 69 80 94 101 103 104 110 111 114 116 119 129 131 135 147 149 158 170 172 187 193 202 206 211 213 217 231 234 246 254 264 267 270 280 282 287 293 296 308 313 320 333 334 343 356 359 376 380 388 390 403 408 417 422 428 439 450 452 456 458 460 463 469 473 481 488 508 511 517 519 530 538 543 547 550 553 555 573 574 579 585 607 614 620 635 640 641
8,8,695.0,0.0,1720.8943470333347,,9 11 14 16 18 25 47 49 58 59 65 69 76 80 94 103 104 110 111 114 116 119 129 131 135 137 142 149 158 170 172 187 193 202 206 211 213 217 231 234 242 246 254 270 272 280 282 287 293 296 308 313 317 320 333 334 343 349 356 359 376 380 388 390 403 408 417 422 428 439 450 452 456 458 460 463 469 473 481 488 508 517 519 530 538 543 546 547 550 553 555 573 574 579 607 614 620 635 640 641
8,9,695.0,0.6324555320336759,1720.4381043666676,,9 11 14 16 18 25 47 49 58 59 65 69 76 80 94 103 104 110 111 114 116 119 129 131 135 137 142 149 158 166 170 172 187 193 202 206 211 213 217 231 234 242 246 254 270 272 280 282 287 296 308 313 317 320 333 334 343 349 356 359 376 380 388 390 403 408 417 422 428 439 450 452 456 458 460 463 469 473 481 488 508 517 519 530 538 543 546 547 550 553 555 573 574 579 607 614 620 635 640 641
9,0,695.0,0.0,1755.1043994347733,,11 14 15 18 25 28 37 39 49 53 54 65 69 75 76 85 86 93 94 114 117 123 127 138 145 147 149 151 158 174 187 188 190 193 207 211 230 231 234 237 238 242 245 247 255 256 260 267 287 289 293 308 313 322 325 348 351 356 359 364 378 381 388 392 403 409 417 422 428 436 439 450 461 463 469 476 479 481 486 488 510 519 535 538 546 547 548 555 571 573 574 579 594 603 607 611 614 619 635 641
9,1,685.0,0.8,1614.3201292681063,,11 14 15 18 25 28 37 39 47 49 53 54 65 69 75 85 89 93 94 117 123 127 138 145 147 149 151 158 174 187 190 193 203 230 231 234 235 237 238 242 245 247 255 256 260 267 287 293 305 308 313 322 325 348 351 356 359 364 378 381 388 392 403 409 417 422 428 436 450 457 461 463 469 472 476 479 481 486 488 510 519 535 538 546 547 548 555 571 573 574 579 603 607 611 614 619 635 641
9,2,690.0,0.7483314773547883,1643.6573514347735,,11 14 15 25 28 33 37 39 49 54 65 69 75 86 89 93 94 98 114 117 123 127 138 145 147 149 151 158 166 174 187 188 190 193 222 230 231 234 237 238 242 245 247 255 256 260 267 287 289 296 305 308 313 322 325 331 348 356 359 364 378 381 388 392 403 409 417 422 428 436 450 457 461 463 469 472 476 481 486 488 510 519 533 535 538 546 547 555 571 573 574 579 603 607 611 614 619 635 641
9,3,685.0,1.3564659966250536,1587.2621132681063,,11 14 15 18 25 28 33 37 39 49 54 65 69 75 89 93 94 98 117 123 127 138 145 147 149 151 158 166 174 187 190 193 203 222 230 231 234 235 237 238 242 245 247 255 256 260 267 287 289 296 305 308 313 322 325 331 348 356 359 364 378 381 388 392 403 409 417 422 428 436 450 457 461 463 469 472 476 481 486 488 510 519 535 538 546 547 555 571 573 574 579 603 607 611 614 619 635 641
9,4,685.0,1.2,1600.5596012681067,,11 14 15 18 25 28 33 37 39 49 54 65 69 75 89 93 94 98 117 123 127 138 145 147 149 151 158 166 174 187 190 193 203 222 230 231 234 235 237 238 242 245 247 255 256 260 267 287 289 296 305 308 313 322 325 331 348 356 359 364 378 381 388 392 403 409 417 422 428 436 450 461 463 469 472 476 481 486 488 510 519 535 538 546 547 555 571 573 574 579 594 603 607 611 614 619 635 641
9,5,685.0,0.4898979485566356,1620.090124768104,,11 14 15 18 25 28 33 37 39 49 54 65 69 75 89 93 94 98 114 117 123 127 138 145 147 149 151 158 166 174 187 190 193 203 222 230 231 234 237 238 242 245 247 255 260 267 287 289 296 305 308 313 322 325 331 348 356 359 364 378 381 388 391 392 403 409 417 422 428 436 450 461 463 469 472 476 481 486 488 510 519 535 538 546 547 555 571 573 574 579 594 603 607 611 614 619 635 641
9,6,685.0,1.8547236990991407,1577.5508119347699,,11 14 15 18 25 28 33 37 39 49 54 65 69 75 89 93 94 117 123 127 138 145 147 149 151 158 166 174 187 190 193 203 222 230 231 234 235 237 238 242 245 247 255 260 267 287 289 296 305 308 313 322 325 331 348 356 359 364 378 381 388 391 392 403 409 417 422 428 436 450 457 461 463 469 472 476 479 481 486 488 510 519 535 538 546 547 555 571 573 574 579 603 607 611 614 619 635 641
9,7,690.0,0.4,1658.1551841014357,,11 14 15 18 25 28 37 39 49 54 65 69 75 86 89 93 94 98 114 117 123 127 138 145 147 149 151 158 166 174 187 188 190 193 222 230 231 234 237 238 242 245 247 255 260 267 287 289 296 305 308 313 322 325 331 348 356 359 364 378 381 388 391 392 403 409 417 422 428 436 450 461 463 469 472 476 481 486 488 510 519 535 538 546 547 548 555 571 573 574 579 594 603 607 611 614 619 635 641
9,8,685.0,1.7435595774162693,1579.8547886014396,,11 14 15 18 25 28 33 37 39 49 54 65 69 75 89 93 94 117 123 127 138 145 147 149 151 158 166 174 187 190 193 203 222 230 231 234 235 237 238 242 245 247 255 256 260 267 287 289 296 305 308 313 322 325 331 348 356 359 364 378 381 388 392 403 409 417 422 428 436 450 457 461 463 469 472 476 479 481 486 488 510 519 535 538 546 547 555 571 573 574 579 603 607 611 614 619 635 641
9,9,695.0,1.4142135623730951,1704.0593321014387,,11 14 15 25 28 33 37 39 49 54 65 69 75 76 86 93 94 114 117 123 127 138 145 147 149 151 158 166 174 187 188 190 193 207 222 230 231 234 237 238 242 245 247 255 260 267 287 289 296 305 308 313 322 325 331 348 356 359 364 378 381 388 391 392 403 409 417 422 428 436 450 457 461 463 469 472 476 479 481 486 488 510 519 533 535 538 546 547 555 571 573 574 579 603 607 611 614 619 635 641
9,10,695.0,0.8944271909999159,1713.7706334347747,,11 14 15 25 28 33 37 39 49 54 65 69 75 76 86 93 94 98 114 117 123 127 138 145 147 149 151 158 166 174 187 188 190 193 207 222 230 231 234 237 238 242 245 247 255 256 260 267 287 289 296 305 308 313 322 325 331 348 356 359 364 378 381 388 392 403 409 417 422 428 436 450 457 461 463 469 472 476 481 486 488 510 519 533 535 538 546 547 555 571 573 574 579 603 607 611 614 619 635 641
9,11,695.0,0.6324555320336759,1729.2894781014388,,11 14 15 25 28 33 37 39 49 54 65 69 75 76 86 93 94 98 114 117 123 127 138 145 147 149 151 158 166 174 187 188 190 193 207 222 230 231 234 237 238 242 245 247 255 260 267 287 289 296 305 308 313 322 325 331 348 356 359 364 378 381 388 391 392 403 409 417 422 428 436 450 461 463 469 472 476 481 486 488 510 519 533 535 538 546 547 555 571 573 574 579 594 603 607 611 614 619 635 641
9,12,690.0,1.16619037896906,1636.5413881014367,,11 14 15 18 25 28 33 37 39 49 54 65 69 75 86 89 93 94 114 117 123 127 138 145 147 149 151 158 166 174 187 188 190 193 211 222 230 231 234 237 238 242 245 247 255 260 267 287 289 296 305 308 313 322 325 331 348 356 359 364 378 381 388 391 392 403 409 417 422 428 436 450 457 461 463 469 476 479 481 486 488 510 519 535 538 546 547 555 571 573 574 579 603 607 611 614 619 635 641
9,13,690.0,1.32664991614216,1633.946050101438,,11 14 15 25 28 33 37 39 49 54 65 69 75 86 89 93 94 114 117 123 127 138 145 147 149 151 158 166 174 187 188 190 193 222 230 231 234 237 238 242 245 247 255 260 267 287 289 296 305 308 313 322 325 331 348 356 359 364 378 381 388 391 392 403 409 417 422 428 436 450 457 461 463 469 472 476 479 481 486 488 510 519 533 535 538 546 547 555 571 573 574 579 603 607 611 614 619 635 641
9,14,695.0,1.2649110640673518,1706.363308768108,,11 14 15 25 28 33 37 39 49 54 65 69 75 76 86 93 94 114 117 123 127 138 145 147 149 151 158 166 174 187 188 190 193 207 222 230 231 234 237 238 242 245 247 255 256 260 267 287 289 296 305 308 313 322 325 331 348 356 359 364 378 381 388 392 403 409 417 422 428 436 450 457 461 463 469 472 476 479 481 486 488 510 519 533 535 538 546 547 555 571 573 574 579 603 607 611 614 619 635 641
9,15,685.0,2.0591260281974,1576.2493319347707,,11 14 15 25 28 33 37 39 49 54 65 69 75 89 93 94 117 123 127 138 145 147 149 151 158 166 174 187 190 193 203 222 230 231 234 235 237 238 242 245 247 255 260 267 287 289 296 305 308 313 322 325 331 348 356 359 364 378 381 388 391 392 403 409 417 422 428 436 450 457 461 463 469 472 476 479 481 486 488 510 519 533 535 538 546 547 555 571 573 574 579 603 607 611 614 619 635 641
9,16,685.0,1.019803902718557,1602.7809579347704,,11 14 15 18 25 28 33 37 39 49 54 65 69 75 89 93 94 98 117 123 127 138 145 147 149 151 158 166 174 187 190 193 203 222 230 231 234 235 237 238 242 245 247 255 260 267 287 289 296 305 308 313 322 325 331 348 356 359 364 378 381 388 391 392 403 409 417 422 428 436 450 461 463 469 472 476 481 486 488 510 519 535 538 546 547 555 571 573 574 579 594 603 607 611 614 619 635 641
10,0,690.0,1.16619037896906,1605.7536611594232,,9 11 14 16 18 25 32 38 47 54 58 62 65 93 94 101 103 104 121 127 131 135 137 150 158 160 166 167 172 176 180 185 190 193 202 207 217 230 234 238 241 242 255 272 276 282 308 320 322 327 333 334 339 343 354 359 363 364 369 379 380 382 391 402 403 409 417 430 448 449 450 457 460 463 469 481 491 502 508 519 522 530 538 543 545 546 548 555 564 565 573 579 580 607 611 614 620 635 641
10,1,695.0,1.8973665961010275,1699.1748540594256,,9 11 14 16 18 25 32 38 47 54 58 62 65 76 93 94 103 104 121 127 131 135 137 150 158 160 166 167 172 176 180 185 190 193 202 207 230 234 238 241 242 243 255 272 276 282 308 320 322 327 333 334 339 343 346 354 356 359 363 364 369 380 382 391 402 403 409 417 430 448 449 450 457 460 463 469 481 483 502 508 519 522 530 538 543 545 546 548 555 564 565 573 579 580 607 611 614 620 635 641
10,2,695.0,1.2649110640673518,1699.877503659424,,9 11 14 16 18 25 32 38 47 54 58 62 65 76 93 94 103 104 121 127 131 135 137 150 158 160 166 167 172 176 180 185 190 193 202 207 217 230 234 238 241 242 243 255 272 276 282 308 320 322 327 333 334 339 343 354 359 363 364 369 380 382 391 402 403 409 417 430 448 449 450 457 460 463 469 481 483 491 502 508 519 522 530 538 543 545 546 548 555 564 565 573 579 580 607 611 614 620 635 641
10,3,695.0,0.6324555320336759,1703.2511663260902,,9 11 14 16 18 25 32 38 47 54 58 62 65 76 93 94 103 104 114 121 127 131 135 137 150 158 160 166 167 172 176 180 185 190 193 202 207 217 230 234 238 241 242 243 255 272 276 282 308 320 322 327 333 334 339 343 354 359 363 364 380 382 391 402 403 409 417 430 444 448 449 450 457 460 463 469 481 483 491 502 508 519 522 530 538 543 545 546 548 555 564 565 573 579 607 611 614 620 635 641
10,4,690.0,0.9797958971132712,1606.6098058260895,,9 11 14 16 18 25 32 38 47 54 58 62 65 93 94 101 103 104 121 127 131 135 137 150 158 160 166 167 172 176 180 185 190 193 202 207 217 230 234 238 241 242 255 272 276 282 308 320 322 327 333 334 339 343 354 359 363 364 369 379 380 382 391 402 403 409 417 430 444 448 449 450 457 460 463 469 481 491 502 508 519 522 530 538 543 545 546 548 555 564 565 573 579 607 611 614 620 635 641
10,5,695.0,0.8944271909999159,1702.3950216594242,,9 11 14 16 18 25 32 38 47 54 58 62 65 76 93 94 103 104 114 121 127 131 135 137 150 158 160 166 167 172 176 180 185 190 193 202 207 217 230 234 238 241 242 243 255 272 276 282 308 320 322 327 333 334 339 343 354 359 363 364 380 382 391 402 403 409 417 430 448 449 450 457 460 463 469 481 483 491 502 508 519 522 530 538 543 545 546 548 555 564 565 573 579 580 607 611 614 620 635 641
10,6,690.0,0.7483314773547883,1608.7775828927581,,9 11 14 16 18 25 32 38 47 54 58 62 65 93 94 101 103 104 114 121 127 131 135 137 150 158 160 166 167 172 176 180 185 190 193 202 207 230 234 238 241 242 255 272 276 282 308 320 322 327 333 334 339 343 346 354 356 359 363 364 379 380 382 391 402 403 409 417 430 444 448 449 450 457 460 463 469 481 502 508 519 522 530 538 543 545 546 548 555 564 565 573 579 607 611 614 620 635 641
10,7,690.0,0.4,1609.6514692927583,,9 11 14 16 18 25 32 38 47 54 58 62 65 93 94 101 103 104 114 121 127 131 135 137 150 158 160 166 167 172 176 180 185 190 193 202 207 230 234 238 241 242 255 272 276 282 308 320 322 327 333 334 339 343 346 354 359 363 364 379 380 382 391 402 403 409 417 430 444 448 449 450 457 460 463 469 481 491 502 508 519 522 530 538 543 545 546 548 555 564 565 573 579 607 611 614 620 635 641
10,8,695.0,1.0954451150103321,1700.7336483260901,,9 11 14 16 18 25 32 38 47 54 58 62 65 76 93 94 103 104 121 127 131 135 137 150 158 160 166 167 172 176 180 185 190 193 202 207 217 230 234 238 241 242 243 255 272 276 282 308 320 322 327 333 334 339 343 354 359 363 364 369 380 382 391 402 403 409 417 430 444 448 449 450 457 460 463 469 481 483 491 502 508 519 522 530 538 543 545 546 548 555 564 565 573 579 607 611 614 620 635 641
10,9,695.0,0.0,1710.3121983260894,,9 11 14 16 18 25 32 38 47 54 58 59 62 65 76 93 94 103 104 114 121 127 131 135 137 150 158 160 166 167 172 180 185 190 193 202 207 217 230 234 238 241 242 243 255 272 276 282 308 320 322 327 333 334 339 343 354 359 363 364 380 382 391 402 403 409 417 430 444 448 449 450 457 460 463 469 481 483 491 502 508 519 522 530 538 543 545 546 548 555 564 565 573 579 607 611 614 620 635 641
10,10,685.0,0.8,1589.5174032927591,,9 11 14 16 18 25 32 38 47 54 58 62 65 93 94 101 103 104 121 127 131 135 137 150 158 160 166 167 172 176 180 185 190 193 202 207 230 234 238 242 255 272 276 282 308 320 322 327 333 334 339 343 346 354 359 363 364 369 379 380 382 391 402 403 409 417 430 444 448 449 450 457 460 463 469 481 491 502 508 509 519 522 530 538 543 545 548 555 564 565 573 579 607 611 614 620 635 641
10,11,685.0,1.3564659966250536,1587.4344635594261,,9 11 14 16 18 25 32 38 47 54 58 62 65 93 94 101 103 104 121 127 131 135 137 150 158 160 166 167 172 176 180 185 190 193 202 207 230 234 238 242 255 272 276 282 308 320 322 327 333 334 339 343 346 354 356 359 363 364 369 379 380 382 391 402 403 409 417 430 448 449 450 457 460 463 469 481 502 508 509 519 522 530 538 543 545 548 555 564 565 573 579 580 607 611 614 620 635 641
10,12,690.0,1.6,1605.0510115594248,,9 11 14 16 18 25 32 38 47 54 58 62 65 93 94 101 103 104 121 127 131 135 137 150 158 160 166 167 172 176 180 185 190 193 202 207 230 234 238 241 242 255 272 276 282 308 320 322 327 333 334 339 343 346 354 356 359 363 364 369 379 380 382 391 402 403 409 417 430 448 449 450 457 460 463 469 481 502 508 519 522 530 538 543 545 546 548 555 564 565 573 579 580 607 611 614 620 635 641
10,13,685.0,1.2,1588.1371131594244,,9 11 14 16 18 25 32 38 47 54 58 62 65 93 94 101 103 104 121 127 131 135 137 150 158 160 166 167 172 176 180 185 190 193 202 207 217 230 234 238 242 255 272 276 282 308 320 322 327 333 334 339 343 354 359 363 364 369 379 380 382 391 402 403 409 417 430 448 449 450 457 460 463 469 481 491 502 508 509 519 522 530 538 543 545 548 555 564 565 573 579 580 607 611 614 620 635 641
10,14,685.0,1.019803902718557,1588.6435168927592,,9 11 14 16 18 25 32 38 47 54 58 62 65 93 94 101 103 104 121 127 131 135 137 150 158 160 166 167 172 176 180 185 190 193 202 207 230 234 238 242 255 272 276 282 308 320 322 327 333 334 339 343 346 354 356 359 363 364 369 379 380 382 391 402 403 409 417 430 444 448 449 450 457 460 463 469 481 502 508 509 519 522 530 538 543 545 548 555 564 565 573 579 607 611 614 620 635 641
10,15,685.0,0.4898979485566356,1591.1610348927593,,9 11 14 16 18 25 32 38 47 54 58 62 65 93 94 101 103 104 114 121 127 131 135 137 150 158 160 166 167 172 176 180 185 190 193 202 207 230 234 238 242 255 272 276 282 308 320 322 327 333 334 339 343 346 354 356 359 363 364 379 380 382 391 402 403 409 417 430 444 448 449 450 457 460 463 469 481 502 508 509 519 522 530 538 543 545 548 555 564 565 573 579 607 611 614 620 635 641
10,16,690.0,2.1354156504062622,1604.2263040927612,,11 14 16 18 25 32 38 47 54 58 62 65 93 94 101 103 104 121 127 131 135 137 150 158 160 166 167 172 176 180 185 190 193 202 207 230 234 238 241 242 249 255 272 276 282 308 320 322 327 333 334 339 343 346 354 356 359 363 364 369 379 380 382 391 402 403 409 417 430 448 449 450 457 460 463 469 481 502 508 519 522 530 538 543 545 546 548 555 564 565 573 579 580 607 611 614 620 635 641
10,17,685.0,1.8547236990991407,1586.6097560927626,,11 14 16 18 25 32 38 47 54 58 62 65 93 94 101 103 104 121 127 131 135 137 150 158 160 166 167 172 176 180 185 190 193 202 207 230 234 238 242 249 255 272 276 282 308 320 322 327 333 334 339 343 346 354 356 359 363 364 369 379 380 382 391 402 403 409 417 430 448 449 450 457 460 463 469 481 502 508 509 519 522 530 538 543 545 548 555 564 565 573 579 580 607 611 614 620 635 641
10,18,695.0,2.449489742783178,1698.3501465927618,,11 14 16 18 25 32 38 47 54 58 62 65 76 93 94 103 104 121 127 131 135 137 150 158 160 166 167 172 176 180 185 190 193 202 207 230 234 238 241 242 243 249 255 272 276 282 308 320 322 327 333 334 339 343 346 354 356 359 363 364 369 380 382 391 402 403 409 417 430 448 449 450 457 460 463 469 481 483 502 508 519 522 530 538 543 545 546 548 555 564 565 573 579 580 607 611 614 620 635 641
